Date	GoldChange %
04-Jan-18	0.15
03-Jan-18	0.18
02-Jan-18	0.57
01-Jan-18	-0.05
29-Dec-17	0.93
28-Dec-17	0.45
27-Dec-17	0.3
26-Dec-17	0.75
25-Dec-17	-0.07
22-Dec-17	0.65
21-Dec-17	0.08
20-Dec-17	0.43
19-Dec-17	-0.1
18-Dec-17	0.64
15-Dec-17	0.03
14-Dec-17	0.68
13-Dec-17	0.56
12-Dec-17	-0.42
11-Dec-17	-0.12
08-Dec-17	-0.38
07-Dec-17	-1.03
06-Dec-17	0.09
05-Dec-17	-1
04-Dec-17	-0.36
01-Dec-17	0.44
30-Nov-17	-0.74
29-Nov-17	-1
28-Nov-17	0.02
27-Nov-17	0.55
24-Nov-17	0.01
23-Nov-17	-0.4
22-Nov-17	0.82
21-Nov-17	0.85
20-Nov-17	-1.64
17-Nov-17	1.43
16-Nov-17	0.04
15-Nov-17	-0.41
14-Nov-17	0.31
13-Nov-17	0.37
10-Nov-17	-1.03
09-Nov-17	0.3
08-Nov-17	0.62
07-Nov-17	-0.45
06-Nov-17	0.98
03-Nov-17	-0.7
02-Nov-17	0.06
01-Nov-17	0.54
31-Oct-17	-0.56
30-Oct-17	0.46
27-Oct-17	0.17
26-Oct-17	-0.73
25-Oct-17	0.05
24-Oct-17	-0.2
23-Oct-17	0.03
20-Oct-17	-0.74
19-Oct-17	0.55
18-Oct-17	-0.25
17-Oct-17	-1.29
16-Oct-17	-0.12
13-Oct-17	0.62
12-Oct-17	0.59
11-Oct-17	-0.38
10-Oct-17	0.68
09-Oct-17	0.79
06-Oct-17	0.13
05-Oct-17	-0.28
04-Oct-17	0.17
03-Oct-17	-0.09
02-Oct-17	-0.7
29-Sep-17	-0.3
28-Sep-17	0.07
27-Sep-17	-1.07
26-Sep-17	-0.75
25-Sep-17	1.08
22-Sep-17	0.21
21-Sep-17	-1.64
20-Sep-17	0.44
19-Sep-17	-0.02
18-Sep-17	-1.09
15-Sep-17	-0.31
14-Sep-17	0.1
13-Sep-17	-0.35
12-Sep-17	-0.22
11-Sep-17	-1.15
08-Sep-17	0.07
07-Sep-17	0.84
06-Sep-17	-0.41
05-Sep-17	0.48
04-Sep-17	-0.23
03-Sep-17	0.81
01-Sep-17	0.62
31-Aug-17	0.62
30-Aug-17	-0.36
29-Aug-17	0.27
28-Aug-17	1.34
25-Aug-17	0.46
24-Aug-17	-0.21
23-Aug-17	0.29
22-Aug-17	-0.44
21-Aug-17	0.39
18-Aug-17	-0.06
17-Aug-17	0.74
16-Aug-17	0.25
15-Aug-17	-0.83
14-Aug-17	-0.28
11-Aug-17	0.3
10-Aug-17	0.84
09-Aug-17	1.32
08-Aug-17	-0.17
07-Aug-17	0.01
04-Aug-17	-0.77
03-Aug-17	-0.31
02-Aug-17	-0.08
01-Aug-17	0.47
31-Jul-17	-0.15
28-Jul-17	0.69
27-Jul-17	0.87
26-Jul-17	-0.23
25-Jul-17	0.33
24-Jul-17	-0.05
21-Jul-17	0.75
20-Jul-17	0.28
19-Jul-17	0.01
18-Jul-17	0.66
17-Jul-17	0.51
14-Jul-17	0.84
13-Jul-17	-0.15
12-Jul-17	0.36
11-Jul-17	0.12
10-Jul-17	0.29
07-Jul-17	-1.11
06-Jul-17	0.13
05-Jul-17	-0.48
04-Jul-17	0.68
03-Jul-17	-1.86
30-Jun-17	-0.28
29-Jun-17	-0.26
28-Jun-17	0.18
27-Jun-17	0.04
26-Jun-17	-0.8
23-Jun-17	0.56
22-Jun-17	0.29
21-Jun-17	0.18
20-Jun-17	-0.26
19-Jun-17	-0.78
16-Jun-17	0.15
15-Jun-17	-1.67
14-Jun-17	0.58
13-Jun-17	-0.02
12-Jun-17	-0.2
09-Jun-17	-0.63
08-Jun-17	-1.06
07-Jun-17	-0.33
06-Jun-17	1.15
05-Jun-17	0.2
02-Jun-17	0.8
01-Jun-17	-0.42
31-May-17	0.77
30-May-17	-0.08
29-May-17	-0.12
28-May-17	-0.25
26-May-17	0.92
25-May-17	0.26
24-May-17	-0.19
23-May-17	-0.47
22-May-17	0.89
19-May-17	0.06
18-May-17	-0.47
17-May-17	1.8
16-May-17	0.52
15-May-17	0.19
12-May-17	0.29
11-May-17	0.43
10-May-17	0.23
09-May-17	-0.9
08-May-17	0.02
05-May-17	-0.14
04-May-17	-1.59
03-May-17	-0.68
02-May-17	0.12
01-May-17	-1.01
28-Apr-17	0.19
27-Apr-17	0.13
26-Apr-17	-0.24
25-Apr-17	-0.81
24-Apr-17	-0.9
21-Apr-17	0.41
20-Apr-17	0.03
19-Apr-17	-0.83
18-Apr-17	0.17
17-Apr-17	0.17
14-Apr-17	0.09
13-Apr-17	0.81
12-Apr-17	0.31
11-Apr-17	1.62
10-Apr-17	-0.27
07-Apr-17	0.32
06-Apr-17	0.38
05-Apr-17	-0.79
04-Apr-17	0.35
03-Apr-17	0.22
31-Mar-17	0.26
30-Mar-17	-0.7
29-Mar-17	-0.16
28-Mar-17	0
27-Mar-17	0.57
24-Mar-17	0.13
23-Mar-17	-0.22
22-Mar-17	0.26
21-Mar-17	1
20-Mar-17	0.32
17-Mar-17	0.24
16-Mar-17	2.19
15-Mar-17	0.16
14-Mar-17	-0.04
13-Mar-17	0.14
10-Mar-17	-0.14
09-Mar-17	-0.5
08-Mar-17	-0.54
07-Mar-17	-0.77
06-Mar-17	-0.08
03-Mar-17	-0.52
02-Mar-17	-1.36
01-Mar-17	-0.3
28-Feb-17	-0.38
27-Feb-17	0.04
24-Feb-17	0.54
23-Feb-17	1.48
22-Feb-17	-0.44
21-Feb-17	-0.06
20-Feb-17	0.07
19-Feb-17	-0.02
17-Feb-17	-0.19
16-Feb-17	0.67
15-Feb-17	0.64
14-Feb-17	-0.04
13-Feb-17	-0.81
10-Feb-17	-0.06
09-Feb-17	-0.2
08-Feb-17	0.28
07-Feb-17	0.34
06-Feb-17	0.94
03-Feb-17	0.15
02-Feb-17	0.92
01-Feb-17	-0.25
31-Jan-17	1.29
30-Jan-17	0.43
27-Jan-17	-0.12
26-Jan-17	-0.65
25-Jan-17	-1.07
24-Jan-17	-0.39
23-Jan-17	0.89
20-Jan-17	0.28
19-Jan-17	-0.86
18-Jan-17	-0.06
17-Jan-17	0.76
16-Jan-17	-0.04
15-Jan-17	0.67
13-Jan-17	-0.3
12-Jan-17	0.28
11-Jan-17	0.96
10-Jan-17	0.06
09-Jan-17	0.99
06-Jan-17	-0.66
05-Jan-17	1.37
04-Jan-17	0.29
03-Jan-17	0.81
02-Jan-17	0.09
30-Dec-16	-0.55
29-Dec-16	1.49
28-Dec-16	0.18
27-Dec-16	0.24
26-Dec-16	-0.04
25-Dec-16	0.27
23-Dec-16	0.27
22-Dec-16	-0.2
21-Dec-16	-0.04
20-Dec-16	-0.79
19-Dec-16	0.46
16-Dec-16	0.67
15-Dec-16	-2.88
14-Dec-16	0.4
13-Dec-16	-0.58
12-Dec-16	0.35
09-Dec-16	-0.89
08-Dec-16	-0.44
07-Dec-16	0.63
06-Dec-16	-0.55
05-Dec-16	-0.09
02-Dec-16	0.7
01-Dec-16	-0.33
30-Nov-16	-1.44
29-Nov-16	-0.23
28-Nov-16	1.05
25-Nov-16	-0.62
24-Nov-16	-0.3
23-Nov-16	-1.81
22-Nov-16	-0.4
21-Nov-16	0.82
20-Nov-16	-0.21
18-Nov-16	-0.66
17-Nov-16	-0.56
16-Nov-16	-0.05
15-Nov-16	0.23
14-Nov-16	-0.19
11-Nov-16	-3.32
10-Nov-16	-0.56
09-Nov-16	-0.06
08-Nov-16	-0.38
07-Nov-16	-1.92
04-Nov-16	0.09
03-Nov-16	-0.36
02-Nov-16	1.59
01-Nov-16	1.17
31-Oct-16	-0.31
28-Oct-16	0.6
27-Oct-16	0.25
26-Oct-16	-0.56
25-Oct-16	0.78
24-Oct-16	-0.4
21-Oct-16	0.11
20-Oct-16	-0.18
19-Oct-16	0.56
18-Oct-16	0.51
17-Oct-16	0.1
14-Oct-16	-0.15
13-Oct-16	0.31
12-Oct-16	-0.15
11-Oct-16	-0.36
10-Oct-16	0.69
07-Oct-16	-0.07
06-Oct-16	-1.22
05-Oct-16	-0.09
04-Oct-16	-3.26
03-Oct-16	-0.33
30-Sep-16	-0.64
29-Sep-16	-0.4
28-Sep-16	0.08
27-Sep-16	-1.03
26-Sep-16	-0.14
23-Sep-16	0.09
22-Sep-16	1.02
21-Sep-16	0.58
20-Sep-16	0.16
19-Sep-16	0.23
18-Sep-16	0.64
16-Sep-16	-0.59
15-Sep-16	-0.61
14-Sep-16	0.19
13-Sep-16	-0.15
12-Sep-16	-0.68
09-Sep-16	-0.5
08-Sep-16	-0.56
07-Sep-16	-0.38
06-Sep-16	1.37
05-Sep-16	0.37
04-Sep-16	0.31
02-Sep-16	0.75
01-Sep-16	0.41
31-Aug-16	-0.37
30-Aug-16	-0.85
29-Aug-16	0.11
26-Aug-16	0.11
25-Aug-16	-0.32
24-Aug-16	-1.21
23-Aug-16	0.22
22-Aug-16	-0.2
19-Aug-16	-0.8
18-Aug-16	0.63
17-Aug-16	-0.58
16-Aug-16	0.76
15-Aug-16	0.34
12-Aug-16	-0.5
11-Aug-16	-0.13
10-Aug-16	0.4
09-Aug-16	0.42
08-Aug-16	-0.22
05-Aug-16	-1.65
04-Aug-16	0.2
03-Aug-16	-0.61
02-Aug-16	0.96
01-Aug-16	0.18
29-Jul-16	1.25
28-Jul-16	0.43
27-Jul-16	0.45
26-Jul-16	0.11
25-Jul-16	-0.29
22-Jul-16	-0.56
21-Jul-16	0.89
20-Jul-16	-0.95
19-Jul-16	0.23
18-Jul-16	0.14
15-Jul-16	-0.36
14-Jul-16	-0.83
13-Jul-16	0.62
12-Jul-16	-1.54
11-Jul-16	-0.12
08-Jul-16	-0.26
07-Jul-16	-0.35
06-Jul-16	0.63
05-Jul-16	0.33
04-Jul-16	0.48
03-Jul-16	0.66
01-Jul-16	1.39
30-Jun-16	-0.42
29-Jun-16	0.65
28-Jun-16	-0.54
27-Jun-16	0.19
24-Jun-16	4.66
23-Jun-16	-0.54
22-Jun-16	-0.2
21-Jun-16	-1.51
20-Jun-16	-0.19
17-Jun-16	-0.28
16-Jun-16	0.8
15-Jun-16	0.02
14-Jun-16	0.09
13-Jun-16	0.86
10-Jun-16	0.25
09-Jun-16	0.83
08-Jun-16	1.24
07-Jun-16	-0.02
06-Jun-16	0.36
03-Jun-16	2.5
02-Jun-16	-0.17
01-Jun-16	-0.24
31-May-16	0.22
30-May-16	-0.14
27-May-16	-0.52
26-May-16	-0.28
25-May-16	-0.44
24-May-16	-1.77
23-May-16	-0.1
20-May-16	-0.14
19-May-16	-1.53
18-May-16	-0.2
17-May-16	0.22
16-May-16	0.12
13-May-16	0.13
12-May-16	-0.34
11-May-16	0.85
10-May-16	-0.13
09-May-16	-2.11
06-May-16	1.69
05-May-16	-0.15
04-May-16	-1.35
03-May-16	-0.31
02-May-16	0.43
29-Apr-16	1.87
28-Apr-16	1.3
27-Apr-16	0.56
26-Apr-16	0.27
25-Apr-16	0.83
22-Apr-16	-1.63
21-Apr-16	-0.34
20-Apr-16	0.02
19-Apr-16	1.57
18-Apr-16	0.04
15-Apr-16	0.66
14-Apr-16	-1.75
13-Apr-16	-1
12-Apr-16	0.21
11-Apr-16	1.14
08-Apr-16	0.51
07-Apr-16	1.12
06-Apr-16	-0.48
05-Apr-16	0.85
04-Apr-16	-0.34
01-Apr-16	-0.97
31-Mar-16	0.59
30-Mar-16	-0.7
29-Mar-16	1.29
28-Mar-16	0.26
25-Mar-16	-0.38
24-Mar-16	-0.19
23-Mar-16	-1.96
22-Mar-16	0.35
21-Mar-16	-0.8
18-Mar-16	-0.85
17-Mar-16	2.86
16-Mar-16	-0.09
15-Mar-16	-1.13
14-Mar-16	-1.14
11-Mar-16	-1.05
10-Mar-16	1.23
09-Mar-16	-0.44
08-Mar-16	-0.09
07-Mar-16	-0.53
04-Mar-16	0.99
03-Mar-16	1.31
02-Mar-16	0.88
01-Mar-16	-0.29
29-Feb-16	1.16
26-Feb-16	-1.49
25-Feb-16	-0.04
24-Feb-16	1.34
23-Feb-16	1.06
22-Feb-16	-1.7
19-Feb-16	0.35
18-Feb-16	1.24
17-Feb-16	0.26
16-Feb-16	-0.02
15-Feb-16	-2.07
14-Feb-16	-0.44
12-Feb-16	-0.71
11-Feb-16	4.45
10-Feb-16	-0.33
09-Feb-16	0.07
08-Feb-16	3.46
05-Feb-16	0.02
04-Feb-16	1.43
03-Feb-16	1.24
02-Feb-16	-0.05
01-Feb-16	1.03
29-Jan-16	0.07
28-Jan-16	-0.04
27-Jan-16	-0.5
26-Jan-16	1.4
25-Jan-16	0.82
22-Jan-16	-0.17
21-Jan-16	-0.72
20-Jan-16	1.58
19-Jan-16	0.13
18-Jan-16	-0.17
17-Jan-16	-0.11
15-Jan-16	1.64
14-Jan-16	-1.25
13-Jan-16	0.18
12-Jan-16	-0.99
11-Jan-16	-0.12
08-Jan-16	-0.89
07-Jan-16	1.45
06-Jan-16	1.25
05-Jan-16	0.31
04-Jan-16	1.4
31-Dec-15	0.02
30-Dec-15	-1.61
29-Dec-15	0.65
28-Dec-15	-0.62
24-Dec-15	0.73
23-Dec-15	-0.5
22-Dec-15	-0.66
21-Dec-15	1.47
18-Dec-15	1.47
17-Dec-15	-2.52
16-Dec-15	1.42
15-Dec-15	-0.17
14-Dec-15	-1.13
11-Dec-15	0.35
10-Dec-15	-0.42
09-Dec-15	0.12
08-Dec-15	-0.01
07-Dec-15	-0.75
04-Dec-15	2.15
03-Dec-15	0.71
02-Dec-15	-0.9
01-Dec-15	-0.19
30-Nov-15	0.91
27-Nov-15	-1.36
26-Nov-15	0.03
25-Nov-15	-0.35
24-Nov-15	0.7
23-Nov-15	-0.89
20-Nov-15	-0.15
19-Nov-15	0.86
18-Nov-15	0.01
17-Nov-15	-1.38
16-Nov-15	0.27
13-Nov-15	0
12-Nov-15	-0.36
11-Nov-15	-0.32
10-Nov-15	0.03
09-Nov-15	0.03
06-Nov-15	-1.52
05-Nov-15	-0.19
04-Nov-15	-0.69
03-Nov-15	-1.9
02-Nov-15	-0.5
30-Oct-15	-0.5
29-Oct-15	-2.54
28-Oct-15	0.88
27-Oct-15	-0.02
26-Oct-15	0.32
23-Oct-15	-0.28
22-Oct-15	-0.09
21-Oct-15	-0.88
20-Oct-15	0.4
19-Oct-15	-0.87
16-Oct-15	-0.36
15-Oct-15	0.66
14-Oct-15	1.23
13-Oct-15	0.08
12-Oct-15	0.74
09-Oct-15	1.01
08-Oct-15	-0.37
07-Oct-15	0.19
06-Oct-15	0.76
05-Oct-15	0.09
02-Oct-15	2.06
01-Oct-15	-0.12
30-Sep-15	-1.03
29-Sep-15	-0.43
28-Sep-15	-1.22
25-Sep-15	-0.68
24-Sep-15	1.96
23-Sep-15	0.59
22-Sep-15	-0.71
21-Sep-15	-0.44
18-Sep-15	1.86
17-Sep-15	-0.17
16-Sep-15	1.49
15-Sep-15	-0.44
14-Sep-15	0.38
11-Sep-15	-0.54
10-Sep-15	0.66
09-Sep-15	-1.62
08-Sep-15	0.04
07-Sep-15	0
06-Sep-15	-0.06
04-Sep-15	-0.28
03-Sep-15	-0.78
02-Sep-15	-0.54
01-Sep-15	0.63
31-Aug-15	-0.13
28-Aug-15	0.95
27-Aug-15	-0.2
26-Aug-15	-1.19
25-Aug-15	-1.32
24-Aug-15	-0.53
21-Aug-15	0.57
20-Aug-15	2.21
19-Aug-15	0.98
18-Aug-15	-0.13
17-Aug-15	0.51
14-Aug-15	-0.25
13-Aug-15	-0.67
12-Aug-15	1.41
11-Aug-15	0.31
10-Aug-15	0.92
07-Aug-15	0.36
06-Aug-15	0.41
05-Aug-15	-0.46
04-Aug-15	0.12
03-Aug-15	-0.5
31-Jul-15	0.6
30-Jul-15	-0.39
29-Jul-15	-0.33
28-Jul-15	-0.02
27-Jul-15	1
24-Jul-15	-0.77
23-Jul-15	0.24
22-Jul-15	-1.09
21-Jul-15	-0.3
20-Jul-15	-2.22
17-Jul-15	-1.05
16-Jul-15	-0.3
15-Jul-15	-0.53
14-Jul-15	-0.16
13-Jul-15	-0.22
10-Jul-15	-0.11
09-Jul-15	-0.37
08-Jul-15	0.95
07-Jul-15	-1.75
06-Jul-15	0.44
03-Jul-15	0.41
02-Jul-15	-0.51
01-Jul-15	-0.21
30-Jun-15	-0.59
29-Jun-15	0.48
26-Jun-15	0.12
25-Jun-15	-0.09
24-Jun-15	-0.31
23-Jun-15	-0.63
22-Jun-15	-1.48
19-Jun-15	0
18-Jun-15	2.13
17-Jun-15	-0.35
16-Jun-15	-0.4
15-Jun-15	0.55
12-Jun-15	-0.09
11-Jun-15	-0.52
10-Jun-15	0.75
09-Jun-15	0.35
08-Jun-15	0.46
05-Jun-15	-0.6
04-Jun-15	-0.83
03-Jun-15	-0.79
02-Jun-15	0.49
01-Jun-15	-0.09
29-May-15	0.11
28-May-15	0.19
27-May-15	-0.11
26-May-15	-1.67
25-May-15	0.25
24-May-15	0.01
22-May-15	-0.01
21-May-15	-0.37
20-May-15	0.17
19-May-15	-1.7
18-May-15	0.19
15-May-15	0.01
14-May-15	0.57
13-May-15	2.16
12-May-15	0.79
11-May-15	-0.5
08-May-15	0.57
07-May-15	-0.66
06-May-15	-0.24
05-May-15	0.54
04-May-15	1.05
01-May-15	-0.67
30-Apr-15	-2.26
29-Apr-15	-0.35
28-Apr-15	0.89
27-Apr-15	2.39
24-Apr-15	-1.61
23-Apr-15	0.63
22-Apr-15	-1.33
21-Apr-15	0.79
20-Apr-15	-0.78
17-Apr-15	0.41
16-Apr-15	-0.29
15-Apr-15	0.73
14-Apr-15	-0.54
13-Apr-15	-0.44
10-Apr-15	0.92
09-Apr-15	-0.79
08-Apr-15	-0.62
07-Apr-15	-0.66
06-Apr-15	1.47
03-Apr-15	0
02-Apr-15	-0.6
01-Apr-15	2.11
31-Mar-15	-0.14
30-Mar-15	-1.25
27-Mar-15	-0.44
26-Mar-15	0.65
25-Mar-15	0.47
24-Mar-15	0.31
23-Mar-15	0.27
20-Mar-15	1.34
19-Mar-15	1.54
18-Mar-15	0.27
17-Mar-15	-0.43
16-Mar-15	0.06
13-Mar-15	0.04
12-Mar-15	0.12
11-Mar-15	-0.81
10-Mar-15	-0.54
09-Mar-15	0.2
06-Mar-15	-2.66
05-Mar-15	-0.39
04-Mar-15	-0.28
03-Mar-15	-0.31
02-Mar-15	-0.4
27-Feb-15	0.25
26-Feb-15	0.72
25-Feb-15	0.34
24-Feb-15	-0.28
23-Feb-15	-0.34
20-Feb-15	-0.22
19-Feb-15	0.62
18-Feb-15	-0.7
17-Feb-15	-1.92
16-Feb-15	0.24
15-Feb-15	0.19
13-Feb-15	0.52
12-Feb-15	0.09
11-Feb-15	-1.02
10-Feb-15	-0.74
09-Feb-15	0.56
06-Feb-15	-2.23
05-Feb-15	-0.14
04-Feb-15	0.33
03-Feb-15	-1.29
02-Feb-15	-0.18
30-Jan-15	1.9
29-Jan-15	-2.43
28-Jan-15	-0.45
27-Jan-15	0.96
26-Jan-15	-1.02
23-Jan-15	-0.62
22-Jan-15	0.54
21-Jan-15	-0.04
20-Jan-15	1.43
19-Jan-15	-0.24
18-Jan-15	0.16
16-Jan-15	0.96
15-Jan-15	2.45
14-Jan-15	0.01
13-Jan-15	0.13
12-Jan-15	1.37
09-Jan-15	0.63
08-Jan-15	-0.18
07-Jan-15	-0.71
06-Jan-15	1.28
05-Jan-15	1.51
02-Jan-15	-0.07
01-Jan-15	0.24
31-Dec-14	-1.36
30-Dec-14	1.57
29-Dec-14	-1.14
26-Dec-14	1.55
25-Dec-14	0.3
24-Dec-14	-0.37
23-Dec-14	-0.15
22-Dec-14	-1.35
19-Dec-14	0.1
18-Dec-14	0.03
17-Dec-14	0.03
16-Dec-14	-1.1
15-Dec-14	-1.21
12-Dec-14	-0.25
11-Dec-14	-0.31
10-Dec-14	-0.21
09-Dec-14	3.08
08-Dec-14	0.39
05-Dec-14	-1.44
04-Dec-14	-0.08
03-Dec-14	0.78
02-Dec-14	-1.54
01-Dec-14	3.64
28-Nov-14	-1.14
27-Nov-14	-0.65
26-Nov-14	-0.04
25-Nov-14	0.13
24-Nov-14	-0.17
21-Nov-14	0.57
20-Nov-14	-0.24
19-Nov-14	-0.26
18-Nov-14	1.16
17-Nov-14	-0.17
14-Nov-14	2.06
13-Nov-14	0.19
12-Nov-14	-0.34
11-Nov-14	0.28
10-Nov-14	-0.85
07-Nov-14	2.39
06-Nov-14	-0.27
05-Nov-14	-1.88
04-Nov-14	-0.17
03-Nov-14	-0.15
31-Oct-14	-2.25
30-Oct-14	-2.14
29-Oct-14	-0.4
28-Oct-14	0.01
27-Oct-14	-0.17
24-Oct-14	0.22
23-Oct-14	-1.31
22-Oct-14	-0.5
21-Oct-14	0.56
20-Oct-14	0.46
17-Oct-14	-0.18
16-Oct-14	-0.29
15-Oct-14	0.85
14-Oct-14	0.35
13-Oct-14	0.68
10-Oct-14	-0.29
09-Oct-14	1.6
08-Oct-14	-0.53
07-Oct-14	0.41
06-Oct-14	1.22
03-Oct-14	-1.81
02-Oct-14	-0.03
01-Oct-14	0.34
30-Sep-14	-0.57
29-Sep-14	0.28
26-Sep-14	-0.58
25-Sep-14	0.21
24-Sep-14	-0.2
23-Sep-14	0.35
22-Sep-14	0.12
19-Sep-14	-0.85
18-Sep-14	-0.7
17-Sep-14	-0.06
16-Sep-14	0.13
15-Sep-14	0.3
12-Sep-14	-0.61
11-Sep-14	-0.49
10-Sep-14	-0.26
09-Sep-14	-0.47
08-Sep-14	-1.03
05-Sep-14	0.06
04-Sep-14	-0.3
03-Sep-14	0.41
02-Sep-14	-1.84
01-Sep-14	-0.02
31-Aug-14	0.15
29-Aug-14	-0.23
28-Aug-14	0.53
27-Aug-14	-0.15
26-Aug-14	0.51
25-Aug-14	-0.1
22-Aug-14	0.38
21-Aug-14	-1.52
20-Aug-14	-0.13
19-Aug-14	-0.2
18-Aug-14	-0.52
15-Aug-14	-0.72
14-Aug-14	0.08
13-Aug-14	0.31
12-Aug-14	0.02
11-Aug-14	-0.03
08-Aug-14	-0.14
07-Aug-14	0.31
06-Aug-14	1.77
05-Aug-14	-0.29
04-Aug-14	-0.46
01-Aug-14	0.96
31-Jul-14	-1.05
30-Jul-14	-0.26
29-Jul-14	-0.38
28-Jul-14	0.02
25-Jul-14	0.97
24-Jul-14	-1.07
23-Jul-14	-0.12
22-Jul-14	-0.58
21-Jul-14	0.34
18-Jul-14	-0.57
17-Jul-14	1.32
16-Jul-14	0.21
15-Jul-14	-0.72
14-Jul-14	-2.3
11-Jul-14	-0.13
10-Jul-14	1.13
09-Jul-14	0.59
08-Jul-14	-0.04
07-Jul-14	-0.36
04-Jul-14	0.07
03-Jul-14	-0.77
02-Jul-14	0.32
01-Jul-14	0.35
30-Jun-14	0.21
27-Jun-14	0.22
26-Jun-14	-0.46
25-Jun-14	0.1
24-Jun-14	0.22
23-Jun-14	0.14
20-Jun-14	0.19
19-Jun-14	3.25
18-Jun-14	0.06
17-Jun-14	-0.25
16-Jun-14	0.09
13-Jun-14	0.01
12-Jun-14	1.02
11-Jun-14	0.08
10-Jun-14	0.5
09-Jun-14	0.11
06-Jun-14	-0.07
05-Jun-14	0.72
04-Jun-14	-0.02
03-Jun-14	0.05
02-Jun-14	-0.15
30-May-14	-0.85
29-May-14	-0.24
28-May-14	-0.48
27-May-14	-2.1
26-May-14	0.06
25-May-14	0.01
23-May-14	-0.25
22-May-14	0.54
21-May-14	-0.5
20-May-14	0.06
19-May-14	0.03
16-May-14	-0.02
15-May-14	-0.93
14-May-14	0.86
13-May-14	-0.08
12-May-14	0.64
09-May-14	-0.01
08-May-14	-0.09
07-May-14	-1.51
06-May-14	-0.05
05-May-14	0.49
02-May-14	1.52
01-May-14	-0.96
30-Apr-14	-0.03
29-Apr-14	-0.22
28-Apr-14	-0.14
25-Apr-14	0.79
24-Apr-14	0.49
23-Apr-14	0.28
22-Apr-14	-0.57
21-Apr-14	-0.42
17-Apr-14	-0.74
16-Apr-14	0.24
15-Apr-14	-2.05
14-Apr-14	0.64
11-Apr-14	-0.11
10-Apr-14	1.12
09-Apr-14	-0.24
08-Apr-14	0.82
07-Apr-14	-0.4
04-Apr-14	1.46
03-Apr-14	-0.47
02-Apr-14	0.85
01-Apr-14	-0.3
31-Mar-14	-0.8
28-Mar-14	-0.07
27-Mar-14	-0.67
26-Mar-14	-0.61
25-Mar-14	0.02
24-Mar-14	-1.86
21-Mar-14	0.41
20-Mar-14	-0.81
19-Mar-14	-1.3
18-Mar-14	-1.01
17-Mar-14	-0.44
14-Mar-14	0.5
13-Mar-14	0.14
12-Mar-14	1.77
11-Mar-14	0.38
10-Mar-14	0.25
07-Mar-14	-1.01
06-Mar-14	0.86
05-Mar-14	0.18
04-Mar-14	-0.91
03-Mar-14	2.17
28-Feb-14	-0.77
27-Feb-14	0.26
26-Feb-14	-1.1
25-Feb-14	0.35
24-Feb-14	1.09
21-Feb-14	0.52
20-Feb-14	-0.27
19-Feb-14	-0.31
18-Feb-14	-0.29
17-Feb-14	0.72
14-Feb-14	1.43
13-Feb-14	0.39
12-Feb-14	0.4
11-Feb-14	1.2
10-Feb-14	0.91
07-Feb-14	0.45
06-Feb-14	0.02
05-Feb-14	0.45
04-Feb-14	-0.69
03-Feb-14	1.64
31-Jan-14	-0.17
30-Jan-14	-1.58
29-Jan-14	0.9
28-Jan-14	-1
27-Jan-14	-0.07
24-Jan-14	0.15
23-Jan-14	1.9
22-Jan-14	-0.27
21-Jan-14	-1.02
20-Jan-14	0.27
17-Jan-14	0.94
16-Jan-14	0.15
15-Jan-14	-0.57
14-Jan-14	-0.46
13-Jan-14	0.34
10-Jan-14	1.42
09-Jan-14	0.33
08-Jan-14	-0.33
07-Jan-14	-0.68
06-Jan-14	-0.05
03-Jan-14	1.09
02-Jan-14	1.63
01-Jan-14	0.29
31-Dec-13	-0.1
30-Dec-13	-1.07
27-Dec-13	0.16
26-Dec-13	0.75
24-Dec-13	0.56
23-Dec-13	-0.56
20-Dec-13	0.85
19-Dec-13	-3.32
18-Dec-13	0.4
17-Dec-13	-1.15
16-Dec-13	0.79
13-Dec-13	0.79
12-Dec-13	-2.58
11-Dec-13	-0.31
10-Dec-13	2.19
09-Dec-13	0.41
06-Dec-13	-0.24
05-Dec-13	-1.2
04-Dec-13	2.17
03-Dec-13	-0.05
02-Dec-13	-2.26
29-Nov-13	0.55
28-Nov-13	0.48
27-Nov-13	-0.29
26-Nov-13	0.02
25-Nov-13	-0.23
22-Nov-13	0.04
21-Nov-13	-1.14
20-Nov-13	-1.22
19-Nov-13	0.09
18-Nov-13	-1.17
15-Nov-13	0.09
14-Nov-13	1.41
13-Nov-13	-0.22
12-Nov-13	-0.77
11-Nov-13	-0.27
08-Nov-13	-1.83
07-Nov-13	-0.71
06-Nov-13	0.74
05-Nov-13	-0.5
04-Nov-13	0.11
01-Nov-13	-0.79
31-Oct-13	-1.88
30-Oct-13	0.28
29-Oct-13	-0.5
28-Oct-13	-0.03
25-Oct-13	0.16
24-Oct-13	1.22
23-Oct-13	-0.64
22-Oct-13	2.04
21-Oct-13	0.1
18-Oct-13	-0.63
17-Oct-13	3.17
16-Oct-13	0.71
15-Oct-13	-0.27
14-Oct-13	0.66
11-Oct-13	-2.21
10-Oct-13	-0.79
09-Oct-13	-1.31
08-Oct-13	-0.05
07-Oct-13	1.15
04-Oct-13	-0.58
03-Oct-13	-0.24
02-Oct-13	2.69
01-Oct-13	-3.05
30-Sep-13	-0.89
27-Sep-13	1.12
26-Sep-13	-0.92
25-Sep-13	1.51
24-Sep-13	-0.82
23-Sep-13	-0.42
20-Sep-13	-2.69
19-Sep-13	4.71
18-Sep-13	-0.13
17-Sep-13	-0.64
16-Sep-13	0.73
13-Sep-13	-1.65
12-Sep-13	-2.46
11-Sep-13	-0.01
10-Sep-13	-1.64
09-Sep-13	0.01
06-Sep-13	0.99
05-Sep-13	-1.21
04-Sep-13	-1.57
03-Sep-13	1.31
02-Sep-13	-0.17
30-Aug-13	-1.19
29-Aug-13	-0.43
28-Aug-13	-0.11
27-Aug-13	1.98
26-Aug-13	-0.19
23-Aug-13	1.79
22-Aug-13	0.04
21-Aug-13	-0.18
20-Aug-13	0.51
19-Aug-13	-0.4
16-Aug-13	0.74
15-Aug-13	2.07
14-Aug-13	0.97
13-Aug-13	-1.01
12-Aug-13	1.66
09-Aug-13	0.17
08-Aug-13	1.91
07-Aug-13	0.23
06-Aug-13	-1.49
05-Aug-13	-0.61
02-Aug-13	-0.03
01-Aug-13	-0.11
31-Jul-13	-0.88
30-Jul-13	-0.33
29-Jul-13	0.51
26-Jul-13	-0.55
25-Jul-13	0.7
24-Jul-13	-1.15
23-Jul-13	-0.1
22-Jul-13	3.33
19-Jul-13	0.68
18-Jul-13	0.52
17-Jul-13	-1
16-Jul-13	0.55
15-Jul-13	0.47
12-Jul-13	-0.18
11-Jul-13	2.62
10-Jul-13	0.12
09-Jul-13	0.89
08-Jul-13	1.81
05-Jul-13	-2.74
04-Jul-13	-0.4
03-Jul-13	0.68
02-Jul-13	-0.98
01-Jul-13	2.62
28-Jun-13	1.02
27-Jun-13	-1.48
26-Jun-13	-3.55
25-Jun-13	-0.16
24-Jun-13	-1.15
21-Jun-13	0.44
20-Jun-13	-6.38
19-Jun-13	0.51
18-Jun-13	-1.17
17-Jun-13	-0.32
14-Jun-13	0.7
13-Jun-13	-1.02
12-Jun-13	1.07
11-Jun-13	-0.66
10-Jun-13	0.23
07-Jun-13	-2.31
06-Jun-13	1.24
05-Jun-13	0.09
04-Jun-13	-1.03
03-Jun-13	1.37
31-May-13	-1.34
30-May-13	1.45
29-May-13	0.88
28-May-13	-1.21
27-May-13	0.66
24-May-13	-0.37
23-May-13	1.78
22-May-13	-0.74
21-May-13	-0.47
20-May-13	1.42
17-May-13	-1.6
16-May-13	-0.67
15-May-13	-1.98
14-May-13	-0.68
13-May-13	-0.16
10-May-13	-2.18
09-May-13	-0.35
08-May-13	1.72
07-May-13	-1.3
06-May-13	0.26
03-May-13	-0.23
02-May-13	1.48
01-May-13	-1.76
30-Apr-13	0.33
29-Apr-13	0.95
26-Apr-13	-0.56
25-Apr-13	2.7
24-Apr-13	1.05
23-Apr-13	-0.87
22-Apr-13	1.84
19-Apr-13	0.24
18-Apr-13	0.71
17-Apr-13	-0.33
16-Apr-13	1.93
15-Apr-13	-9.35
12-Apr-13	-4.05
11-Apr-13	0.39
10-Apr-13	-1.76
09-Apr-13	0.9
08-Apr-13	-0.22
05-Apr-13	1.52
04-Apr-13	-0.06
03-Apr-13	-1.42
02-Apr-13	-1.56
01-Apr-13	0.33
28-Mar-13	-0.71
27-Mar-13	0.65
26-Mar-13	-0.55
25-Mar-13	-0.1
22-Mar-13	-0.47
21-Mar-13	0.39
20-Mar-13	-0.24
19-Mar-13	0.42
18-Mar-13	0.76
15-Mar-13	0.12
14-Mar-13	0.14
13-Mar-13	-0.2
12-Mar-13	0.87
11-Mar-13	0.08
08-Mar-13	0.11
07-Mar-13	0.01
06-Mar-13	0
05-Mar-13	0.16
04-Mar-13	0.01
01-Mar-13	-0.37
28-Feb-13	-1.1
27-Feb-13	-1.24
26-Feb-13	1.83
25-Feb-13	0.88
22-Feb-13	-0.37
21-Feb-13	0.04
20-Feb-13	-1.62
19-Feb-13	-0.32
15-Feb-13	-1.58
14-Feb-13	-0.58
13-Feb-13	-0.27
12-Feb-13	0.03
11-Feb-13	-1.07
08-Feb-13	-0.26
07-Feb-13	-0.44
06-Feb-13	0.32
05-Feb-13	-0.17
04-Feb-13	0.35
01-Feb-13	0.53
31-Jan-13	-1.15
30-Jan-13	1.16
29-Jan-13	0.5
28-Jan-13	-0.24
25-Jan-13	-0.78
24-Jan-13	-1
23-Jan-13	-0.38
22-Jan-13	0.37
18-Jan-13	-0.22
17-Jan-13	0.46
16-Jan-13	-0.04
15-Jan-13	0.87
14-Jan-13	0.54
11-Jan-13	-1.03
10-Jan-13	1.36
09-Jan-13	-0.4
08-Jan-13	0.97
07-Jan-13	-0.16
04-Jan-13	-1.53
03-Jan-13	-0.84
02-Jan-13	0.78
31-Dec-12	1.2
28-Dec-12	-0.46
27-Dec-12	0.17
26-Dec-12	0.07
24-Dec-12	-0.03
21-Dec-12	0.86
20-Dec-12	-1.3
19-Dec-12	-0.18
18-Dec-12	-1.62
17-Dec-12	0.07
14-Dec-12	0.01
13-Dec-12	-1.22
12-Dec-12	0.49
11-Dec-12	-0.28
10-Dec-12	0.53
07-Dec-12	0.22
06-Dec-12	0.47
05-Dec-12	-0.12
04-Dec-12	-1.47
03-Dec-12	0.51
30-Nov-12	-0.94
29-Nov-12	0.62
28-Nov-12	-1.48
27-Nov-12	-0.42
26-Nov-12	-0.1
23-Nov-12	1.35
21-Nov-12	0.27
20-Nov-12	-0.62
19-Nov-12	1.15
16-Nov-12	0.06
15-Nov-12	-0.94
14-Nov-12	0.31
13-Nov-12	-0.35
12-Nov-12	0
09-Nov-12	0.28
08-Nov-12	0.71
07-Nov-12	-0.05
06-Nov-12	1.9
05-Nov-12	0.48
02-Nov-12	-2.33
01-Nov-12	-0.2
31-Oct-12	0.41
30-Oct-12	0.16
29-Oct-12	-0.19
26-Oct-12	-0.06
25-Oct-12	0.68
24-Oct-12	-0.46
23-Oct-12	-0.97
22-Oct-12	0.13
19-Oct-12	-1.18
18-Oct-12	-0.47
17-Oct-12	0.39
16-Oct-12	0.5
15-Oct-12	-1.25
12-Oct-12	-0.61
11-Oct-12	0.32
10-Oct-12	0.01
09-Oct-12	-0.59
08-Oct-12	-0.29
05-Oct-12	-0.86
04-Oct-12	0.95
03-Oct-12	0.26
02-Oct-12	-0.44
01-Oct-12	0.53
28-Sep-12	-0.37
27-Sep-12	1.54
26-Sep-12	-0.75
25-Sep-12	0.1
24-Sep-12	-0.75
21-Sep-12	0.44
20-Sep-12	-0.07
19-Sep-12	0.03
18-Sep-12	0.04
17-Sep-12	-0.12
14-Sep-12	0.04
13-Sep-12	2.22
12-Sep-12	-0.07
11-Sep-12	0.18
10-Sep-12	-0.51
07-Sep-12	2.05
06-Sep-12	0.7
05-Sep-12	-0.12
04-Sep-12	0.49
31-Aug-12	1.88
30-Aug-12	-0.38
29-Aug-12	-0.4
28-Aug-12	-0.35
27-Aug-12	0.16
24-Aug-12	0.01
23-Aug-12	1.97
22-Aug-12	-0.15
21-Aug-12	1.22
20-Aug-12	0.24
17-Aug-12	0.01
16-Aug-12	0.77
15-Aug-12	0.27
14-Aug-12	-0.63
13-Aug-12	-0.62
10-Aug-12	0.16
09-Aug-12	0.26
08-Aug-12	0.2
07-Aug-12	-0.2
06-Aug-12	0.43
03-Aug-12	1.17
02-Aug-12	-1.02
01-Aug-12	-0.42
31-Jul-12	-0.57
30-Jul-12	0.11
27-Jul-12	0.18
26-Jul-12	0.44
25-Jul-12	2.03
24-Jul-12	-0.07
23-Jul-12	-0.34
20-Jul-12	0.15
19-Jul-12	0.62
18-Jul-12	-1.18
17-Jul-12	-0.13
16-Jul-12	-0.03
13-Jul-12	1.71
12-Jul-12	-0.65
11-Jul-12	-0.26
10-Jul-12	-0.59
09-Jul-12	0.65
06-Jul-12	-1.9
05-Jul-12	-0.76
03-Jul-12	1.51
02-Jul-12	-0.39
29-Jun-12	3.47
28-Jun-12	-1.76
27-Jun-12	0.22
26-Jun-12	-0.85
25-Jun-12	1.37
22-Jun-12	0.1
21-Jun-12	-3.11
20-Jun-12	-0.46
19-Jun-12	-0.22
18-Jun-12	-0.08
15-Jun-12	0.53
14-Jun-12	0.02
13-Jun-12	0.33
12-Jun-12	1.08
11-Jun-12	0.34
08-Jun-12	0.22
07-Jun-12	-2.83
06-Jun-12	1.09
05-Jun-12	0.19
04-Jun-12	-0.51
01-Jun-12	3.71
31-May-12	-0.05
30-May-12	0.96
29-May-12	-1.29
25-May-12	0.74
24-May-12	0.59
23-May-12	-1.79
22-May-12	-0.76
21-May-12	-0.2
18-May-12	1.09
17-May-12	2.49
16-May-12	-1.32
15-May-12	-0.24
14-May-12	-1.45
11-May-12	-0.72
10-May-12	0.09
09-May-12	-0.64
08-May-12	-2.11
07-May-12	-0.37
04-May-12	0.64
03-May-12	-1.16
02-May-12	-0.5
01-May-12	-0.1
30-Apr-12	-0.04
27-Apr-12	0.27
26-Apr-12	1.11
25-Apr-12	-0.1
24-Apr-12	0.68
23-Apr-12	-0.62
20-Apr-12	0.09
19-Apr-12	0.11
18-Apr-12	-0.7
17-Apr-12	0.1
16-Apr-12	-0.63
13-Apr-12	-1.21
12-Apr-12	1.24
11-Apr-12	-0.03
10-Apr-12	1.04
09-Apr-12	0.86
05-Apr-12	1
04-Apr-12	-3.46
03-Apr-12	-0.45
02-Apr-12	0.49
30-Mar-12	1.03
29-Mar-12	-0.34
28-Mar-12	-1.6
27-Mar-12	-0.04
26-Mar-12	1.4
23-Mar-12	1.22
22-Mar-12	-0.47
21-Mar-12	0.2
20-Mar-12	-1.21
19-Mar-12	0.69
16-Mar-12	-0.22
15-Mar-12	1.01
14-Mar-12	-3.02
13-Mar-12	-0.32
12-Mar-12	-0.68
09-Mar-12	0.75
08-Mar-12	0.88
07-Mar-12	0.71
06-Mar-12	-1.86
05-Mar-12	-0.34
02-Mar-12	-0.71
01-Mar-12	0.66
29-Feb-12	-4.31
28-Feb-12	0.76
27-Feb-12	-0.08
24-Feb-12	-0.55
23-Feb-12	0.84
22-Feb-12	0.73
21-Feb-12	1.89
17-Feb-12	-0.13
16-Feb-12	0.03
15-Feb-12	0.61
14-Feb-12	-0.41
13-Feb-12	-0.02
10-Feb-12	-0.9
09-Feb-12	0.56
08-Feb-12	-0.98
07-Feb-12	1.37
06-Feb-12	-0.87
03-Feb-12	-1.08
02-Feb-12	0.56
01-Feb-12	0.54
31-Jan-12	0.39
30-Jan-12	-0.05
27-Jan-12	0.32
26-Jan-12	1.56
25-Jan-12	2.14
24-Jan-12	-0.82
23-Jan-12	0.86
20-Jan-12	0.58
19-Jan-12	-0.33
18-Jan-12	0.26
17-Jan-12	1.52
13-Jan-12	-1.03
12-Jan-12	0.49
11-Jan-12	0.5
10-Jan-12	1.46
09-Jan-12	-0.53
06-Jan-12	-0.2
05-Jan-12	0.47
04-Jan-12	0.76
03-Jan-12	2.17
30-Dec-11	1.68
29-Dec-11	-1.47
28-Dec-11	-1.96
27-Dec-11	-0.65
23-Dec-11	-0.26
22-Dec-11	-0.19
21-Dec-11	-0.23
20-Dec-11	1.33
19-Dec-11	-0.08
16-Dec-11	1.33
15-Dec-11	-0.61
14-Dec-11	-4.55
13-Dec-11	-0.26
12-Dec-11	-2.84
09-Dec-11	0.18
08-Dec-11	-1.79
07-Dec-11	0.75
06-Dec-11	-0.16
05-Dec-11	-0.93
02-Dec-11	0.67
01-Dec-11	-0.58
30-Nov-11	1.87
29-Nov-11	0.15
28-Nov-11	1.5
25-Nov-11	-0.6
23-Nov-11	-0.38
22-Nov-11	1.42
21-Nov-11	-2.69
18-Nov-11	0.28
17-Nov-11	-3.04
16-Nov-11	-0.44
15-Nov-11	0.22
14-Nov-11	-0.54
11-Nov-11	1.63
10-Nov-11	-1.79
09-Nov-11	-0.42
08-Nov-11	0.45
07-Nov-11	1.99
04-Nov-11	-0.5
03-Nov-11	2.05
02-Nov-11	1.03
01-Nov-11	-0.77
31-Oct-11	-1.26
28-Oct-11	-0.03
27-Oct-11	1.39
26-Oct-11	1.36
25-Oct-11	2.91
24-Oct-11	1
21-Oct-11	1.44
20-Oct-11	-2.07
19-Oct-11	-0.35
18-Oct-11	-1.42
17-Oct-11	-0.37
14-Oct-11	0.87
13-Oct-11	-0.83
12-Oct-11	1.3
11-Oct-11	-0.59
10-Oct-11	2.15
07-Oct-11	-1.05
06-Oct-11	0.71
05-Oct-11	1.59
04-Oct-11	-2.49
03-Oct-11	2.2
30-Sep-11	0.3
29-Sep-11	-0.05
28-Sep-11	-2.08
27-Sep-11	3.65
26-Sep-11	-2.75
23-Sep-11	-5.85
22-Sep-11	-3.67
21-Sep-11	-0.06
20-Sep-11	1.7
19-Sep-11	-1.97
16-Sep-11	1.89
15-Sep-11	-2.47
14-Sep-11	-0.18
13-Sep-11	0.93
12-Sep-11	-2.5
09-Sep-11	0.11
08-Sep-11	2.22
07-Sep-11	-2.98
06-Sep-11	-0.2
02-Sep-11	2.61
01-Sep-11	-0.14
31-Aug-11	0.1
30-Aug-11	2.14
29-Aug-11	-0.32
26-Aug-11	1.95
25-Aug-11	0.32
24-Aug-11	-5.61
23-Aug-11	-1.61
22-Aug-11	2.15
19-Aug-11	1.65
18-Aug-11	1.55
17-Aug-11	0.49
16-Aug-11	1.53
15-Aug-11	0.88
12-Aug-11	-0.49
11-Aug-11	-1.82
10-Aug-11	2.37
09-Aug-11	1.74
08-Aug-11	3.72
05-Aug-11	-0.45
04-Aug-11	-0.43
03-Aug-11	1.31
02-Aug-11	1.41
01-Aug-11	-0.57
29-Jul-11	0.92
28-Jul-11	-0.1
27-Jul-11	-0.1
26-Jul-11	0.29
25-Jul-11	0.67
22-Jul-11	0.91
21-Jul-11	-0.62
20-Jul-11	-0.26
19-Jul-11	-0.07
18-Jul-11	0.77
15-Jul-11	0.05
14-Jul-11	0.24
13-Jul-11	1.49
12-Jul-11	0.85
11-Jul-11	0.49
08-Jul-11	0.72
07-Jul-11	0.1
06-Jul-11	1.08
05-Jul-11	2.02
01-Jul-11	-1.33
30-Jun-11	-0.5
29-Jun-11	0.68
28-Jun-11	0.25
27-Jun-11	-0.3
24-Jun-11	-1.29
23-Jun-11	-2.11
22-Jun-11	0.45
21-Jun-11	0.29
20-Jun-11	0.19
17-Jun-11	0.61
16-Jun-11	0.24
15-Jun-11	0.12
14-Jun-11	0.58
13-Jun-11	-0.89
10-Jun-11	-0.88
09-Jun-11	0.26
08-Jun-11	-0.34
07-Jun-11	-0.21
06-Jun-11	0.31
03-Jun-11	0.63
02-Jun-11	-0.67
01-Jun-11	0.42
31-May-11	-0.03
27-May-11	0.89
26-May-11	-0.25
25-May-11	0.22
24-May-11	0.52
23-May-11	0.43
20-May-11	1.11
19-May-11	-0.23
18-May-11	1.07
17-May-11	-0.71
16-May-11	-0.2
13-May-11	-0.88
12-May-11	0.37
11-May-11	-1.02
10-May-11	0.91
09-May-11	0.78
06-May-11	0.7
05-May-11	-2.24
04-May-11	-1.64
03-May-11	-1.07
02-May-11	0.04
29-Apr-11	1.65
28-Apr-11	0.93
27-Apr-11	0.91
26-Apr-11	-0.37
25-Apr-11	0.36
21-Apr-11	0.33
20-Apr-11	0.25
19-Apr-11	0.15
18-Apr-11	0.47
15-Apr-11	0.92
14-Apr-11	1.15
13-Apr-11	0.14
12-Apr-11	-0.99
11-Apr-11	-0.41
08-Apr-11	1.02
07-Apr-11	0.05
06-Apr-11	0.41
05-Apr-11	1.37
04-Apr-11	0.29
01-Apr-11	-0.75
31-Mar-11	1.06
30-Mar-11	0.55
29-Mar-11	-0.27
28-Mar-11	-0.44
25-Mar-11	-0.61
24-Mar-11	-0.22
23-Mar-11	0.73
22-Mar-11	0.09
21-Mar-11	0.73
18-Mar-11	0.85
17-Mar-11	0.57
16-Mar-11	0.24
15-Mar-11	-2.25
14-Mar-11	0.22
11-Mar-11	0.66
10-Mar-11	-1.2
09-Mar-11	0.17
08-Mar-11	-0.5
07-Mar-11	0.41
04-Mar-11	0.86
03-Mar-11	-1.48
02-Mar-11	0.45
01-Mar-11	1.52
28-Feb-11	0.04
25-Feb-11	-0.47
24-Feb-11	0.13
23-Feb-11	0.92
22-Feb-11	0.89
18-Feb-11	0.25
17-Feb-11	0.73
16-Feb-11	0.08
15-Feb-11	0.66
14-Feb-11	0.35
11-Feb-11	-0.15
10-Feb-11	-0.21
09-Feb-11	0.1
08-Feb-11	1.17
07-Feb-11	-0.05
04-Feb-11	-0.3
03-Feb-11	1.56
02-Feb-11	-0.6
01-Feb-11	0.43
31-Jan-11	-0.51
28-Jan-11	1.69
27-Jan-11	-1.1
26-Jan-11	0.05
25-Jan-11	-0.91
24-Jan-11	0.26
21-Jan-11	-0.41
20-Jan-11	-1.73
19-Jan-11	0.15
18-Jan-11	0.57
14-Jan-11	-1.91
13-Jan-11	0.09
12-Jan-11	0.12
11-Jan-11	0.75
10-Jan-11	0.38
07-Jan-11	-0.21
06-Jan-11	-0.15
05-Jan-11	-0.37
04-Jan-11	-3.1
03-Jan-11	0.11
31-Dec-10	1.1
30-Dec-10	-0.53
29-Dec-10	0.56
28-Dec-10	1.65
27-Dec-10	0.17
23-Dec-10	-0.49
22-Dec-10	-0.1
21-Dec-10	0.19
20-Dec-10	0.5
17-Dec-10	0.6
16-Dec-10	-1.09
15-Dec-10	-1.29
14-Dec-10	0.45
13-Dec-10	0.94
10-Dec-10	-0.56
09-Dec-10	0.69
08-Dec-10	-1.83
07-Dec-10	-0.49
06-Dec-10	0.7
03-Dec-10	1.22
02-Dec-10	0.09
01-Dec-10	0.17
30-Nov-10	1.39
29-Nov-10	0.27
26-Nov-10	-0.77
24-Nov-10	-0.33
23-Nov-10	1.46
22-Nov-10	0.41
19-Nov-10	-0.05
18-Nov-10	1.2
17-Nov-10	-0.11
16-Nov-10	-2.2
15-Nov-10	0.22
12-Nov-10	-2.69
11-Nov-10	0.29
10-Nov-10	-0.76
09-Nov-10	0.5
08-Nov-10	0.39
05-Nov-10	1.06
04-Nov-10	3.41
03-Nov-10	-1.42
02-Nov-10	0.46
01-Nov-10	-0.51
29-Oct-10	1.12
28-Oct-10	1.51
27-Oct-10	-1.18
26-Oct-10	-0.02
25-Oct-10	1.05
22-Oct-10	-0.02
21-Oct-10	-1.38
20-Oct-10	0.61
19-Oct-10	-2.63
18-Oct-10	0.01
15-Oct-10	-0.41
14-Oct-10	0.53
13-Oct-10	1.77
12-Oct-10	-0.56
11-Oct-10	0.68
08-Oct-10	0.77
07-Oct-10	-0.93
06-Oct-10	0.56
05-Oct-10	1.79
04-Oct-10	-0.05
01-Oct-10	0.63
30-Sep-10	-0.05
29-Sep-10	0.15
28-Sep-10	0.76
27-Sep-10	0.05
24-Sep-10	0.13
23-Sep-10	0.32
22-Sep-10	1.4
21-Sep-10	-0.52
20-Sep-10	0.27
17-Sep-10	0.29
16-Sep-10	0.41
15-Sep-10	-0.24
14-Sep-10	1.98
13-Sep-10	0.05
10-Sep-10	-0.35
09-Sep-10	-0.53
08-Sep-10	-0.14
07-Sep-10	0.65
03-Sep-10	-0.18
02-Sep-10	0.42
01-Sep-10	-0.16
31-Aug-10	0.91
30-Aug-10	0.09
27-Aug-10	0.05
26-Aug-10	-0.33
25-Aug-10	0.63
24-Aug-10	0.4
23-Aug-10	-0.02
20-Aug-10	-0.53
19-Aug-10	0.33
18-Aug-10	0.25
17-Aug-10	0.17
16-Aug-10	0.79
13-Aug-10	0.01
12-Aug-10	1.44
11-Aug-10	0.11
10-Aug-10	-0.37
09-Aug-10	-0.22
06-Aug-10	0.52
05-Aug-10	0.29
04-Aug-10	0.72
03-Aug-10	0.15
02-Aug-10	0.14
30-Jul-10	1.14
29-Jul-10	0.69
28-Jul-10	0.21
27-Jul-10	-2.11
26-Jul-10	-0.4
23-Jul-10	-0.65
22-Jul-10	0.33
21-Jul-10	0.01
20-Jul-10	0.83
19-Jul-10	-0.53
16-Jul-10	-1.66
15-Jul-10	0.11
14-Jul-10	-0.54
13-Jul-10	1.23
12-Jul-10	-0.92
09-Jul-10	1.15
08-Jul-10	-0.23
07-Jul-10	0.32
06-Jul-10	-1.04
02-Jul-10	0.09
01-Jul-10	-3.15
30-Jun-10	0.28
29-Jun-10	0.31
28-Jun-10	-1.4
25-Jun-10	0.83
24-Jun-10	0.92
23-Jun-10	-0.47
22-Jun-10	0.02
21-Jun-10	-1.39
18-Jun-10	0.78
17-Jun-10	1.48
16-Jun-10	-0.32
15-Jun-10	0.81
14-Jun-10	-0.46
11-Jun-10	0.66
10-Jun-10	-0.63
09-Jun-10	-1.25
08-Jun-10	0.38
07-Jun-10	1.9
04-Jun-10	0.65
03-Jun-10	-1.01
02-Jun-10	-0.34
01-Jun-10	1.04
28-May-10	0.02
27-May-10	-0.12
26-May-10	1.29
25-May-10	0.34
24-May-10	1.54
21-May-10	-1.02
20-May-10	-0.4
19-May-10	-1.79
18-May-10	-1.09
17-May-10	0.02
14-May-10	-0.11
13-May-10	-1.12
12-May-10	1.87
11-May-10	1.62
10-May-10	-0.79
07-May-10	1.09
06-May-10	1.9
05-May-10	0.51
04-May-10	-1.19
03-May-10	0.22
30-Apr-10	1
29-Apr-10	-0.25
28-Apr-10	0.83
27-Apr-10	0.71
26-Apr-10	0.03
23-Apr-10	0.95
22-Apr-10	-0.51
21-Apr-10	0.84
20-Apr-10	0.3
19-Apr-10	-0.1
16-Apr-10	-2.02
15-Apr-10	0.06
14-Apr-10	0.54
13-Apr-10	-0.76
12-Apr-10	0.04
09-Apr-10	0.77
08-Apr-10	-0.01
07-Apr-10	1.52
06-Apr-10	0.19
05-Apr-10	0.69
01-Apr-10	1.06
31-Mar-10	0.8
30-Mar-10	-0.52
29-Mar-10	0.55
26-Mar-10	1.05
25-Mar-10	0.38
24-Mar-10	-1.35
23-Mar-10	0.38
22-Mar-10	-0.73
19-Mar-10	-1.77
18-Mar-10	0.3
17-Mar-10	0.16
16-Mar-10	1.55
15-Mar-10	0.33
12-Mar-10	-0.59
11-Mar-10	0.02
10-Mar-10	-1.27
09-Mar-10	-0.14
08-Mar-10	-0.99
05-Mar-10	0.19
04-Mar-10	-0.88
03-Mar-10	0.51
02-Mar-10	1.71
01-Mar-10	-0.04
26-Feb-10	0.95
25-Feb-10	1.03
24-Feb-10	-0.56
23-Feb-10	-0.89
22-Feb-10	-0.78
19-Feb-10	0.3
18-Feb-10	-0.13
17-Feb-10	0.02
16-Feb-10	2.74
12-Feb-10	-0.43
11-Feb-10	1.71
10-Feb-10	-0.08
09-Feb-10	1.03
08-Feb-10	1.28
05-Feb-10	-0.96
04-Feb-10	-4.41
03-Feb-10	-0.54
02-Feb-10	1.19
01-Feb-10	1.97
29-Jan-10	-0.06
28-Jan-10	-0.07
27-Jan-10	-1.23
26-Jan-10	0.25
25-Jan-10	0.55
22-Jan-10	-1.22
21-Jan-10	-0.86
20-Jan-10	-2.4
19-Jan-10	0.85
15-Jan-10	-1.09
14-Jan-10	0.55
13-Jan-10	0.66
12-Jan-10	-1.89
11-Jan-10	1.1
08-Jan-10	0.45
07-Jan-10	-0.25
06-Jan-10	1.59
05-Jan-10	0.04
04-Jan-10	2.05
31-Dec-09	0.34
30-Dec-09	-0.5
29-Dec-09	-0.92
28-Dec-09	0.28
24-Dec-09	0.99
23-Dec-09	0.67
22-Dec-09	-0.86
21-Dec-09	-1.39
18-Dec-09	0.36
17-Dec-09	-2.53
16-Dec-09	1.17
15-Dec-09	-0.08
14-Dec-09	0.35
11-Dec-09	-0.56
10-Dec-09	0.47
09-Dec-09	-1.96
08-Dec-09	-1.77
07-Dec-09	-0.46
04-Dec-09	-3.99
03-Dec-09	0.45
02-Dec-09	1.08
01-Dec-09	1.52
30-Nov-09	0.59
27-Nov-09	-1.07
25-Nov-09	1.84
24-Nov-09	0.1
23-Nov-09	1.56
20-Nov-09	0.44
19-Nov-09	0.06
18-Nov-09	0.17
17-Nov-09	0.02
16-Nov-09	2.02
13-Nov-09	0.91
12-Nov-09	-0.72
11-Nov-09	1.1
10-Nov-09	0.1
09-Nov-09	0.52
06-Nov-09	0.59
05-Nov-09	0.18
04-Nov-09	0.22
03-Nov-09	2.93
02-Nov-09	1.32
30-Oct-09	-0.64
29-Oct-09	1.6
28-Oct-09	-0.46
27-Oct-09	-0.71
26-Oct-09	-1.28
23-Oct-09	-0.21
22-Oct-09	-0.55
21-Oct-09	0.56
20-Oct-09	0.05
19-Oct-09	0.63
16-Oct-09	0.09
15-Oct-09	-1.33
14-Oct-09	-0.03
13-Oct-09	0.71
12-Oct-09	0.85
09-Oct-09	-0.72
08-Oct-09	1.16
07-Oct-09	0.45
06-Oct-09	2.15
05-Oct-09	1.35
02-Oct-09	0.37
01-Oct-09	-0.84
30-Sep-09	1.5
29-Sep-09	0.06
28-Sep-09	0.23
25-Sep-09	-0.73
24-Sep-09	-1.53
23-Sep-09	-0.12
22-Sep-09	1.05
21-Sep-09	-0.54
18-Sep-09	-0.31
17-Sep-09	-0.65
16-Sep-09	1.38
15-Sep-09	0.51
14-Sep-09	-0.5
11-Sep-09	0.95
10-Sep-09	0.01
09-Sep-09	-0.26
08-Sep-09	0.3
04-Sep-09	-0.09
03-Sep-09	1.97
02-Sep-09	2.29
01-Sep-09	0.32
31-Aug-09	-0.55
28-Aug-09	1.22
27-Aug-09	0.13
26-Aug-09	-0.02
25-Aug-09	0.23
24-Aug-09	-1.14
21-Aug-09	1.37
20-Aug-09	-0.32
19-Aug-09	0.6
18-Aug-09	0.36
17-Aug-09	-1.34
14-Aug-09	-0.81
13-Aug-09	0.42
12-Aug-09	0.52
11-Aug-09	0.08
10-Aug-09	-1.28
07-Aug-09	-0.35
06-Aug-09	-0.36
05-Aug-09	-0.34
04-Aug-09	1.14
03-Aug-09	0.3
31-Jul-09	2.01
30-Jul-09	0.83
29-Jul-09	-1.26
28-Jul-09	-1.5
27-Jul-09	0.05
24-Jul-09	-0.18
23-Jul-09	0.16
22-Jul-09	0.68
21-Jul-09	-0.2
20-Jul-09	1.21
17-Jul-09	0.22
16-Jul-09	-0.43
15-Jul-09	1.8
14-Jul-09	0.03
13-Jul-09	1.1
10-Jul-09	-0.4
09-Jul-09	0.76
08-Jul-09	-2.13
07-Jul-09	0.52
06-Jul-09	-0.72
02-Jul-09	-1.09
01-Jul-09	1.5
30-Jun-09	-1.41
29-Jun-09	-0.03
26-Jun-09	0.17
25-Jun-09	0.54
24-Jun-09	1.1
23-Jun-09	0.36
22-Jun-09	-1.6
19-Jun-09	0.17
18-Jun-09	-0.15
17-Jun-09	0.41
16-Jun-09	0.51
15-Jun-09	-1.4
12-Jun-09	-2.21
11-Jun-09	0.77
10-Jun-09	0
09-Jun-09	0.24
08-Jun-09	-1.04
05-Jun-09	-1.99
04-Jun-09	1.73
03-Jun-09	-1.9
02-Jun-09	0.47
01-Jun-09	-0.02
29-May-09	1.8
28-May-09	0.87
27-May-09	0.01
26-May-09	-0.56
22-May-09	0.81
21-May-09	1.47
20-May-09	1.16
19-May-09	0.54
18-May-09	-1.03
15-May-09	0.31
14-May-09	0.27
13-May-09	0.22
12-May-09	1.15
11-May-09	-0.15
08-May-09	-0.07
07-May-09	0.49
06-May-09	0.75
05-May-09	0.23
04-May-09	1.58
01-May-09	-0.35
30-Apr-09	-1.01
29-Apr-09	0.78
28-Apr-09	-1.61
27-Apr-09	-0.68
24-Apr-09	0.85
23-Apr-09	1.58
22-Apr-09	1.1
21-Apr-09	-0.55
20-Apr-09	2.26
17-Apr-09	-1.35
16-Apr-09	-1.51
15-Apr-09	0.21
14-Apr-09	-0.42
13-Apr-09	1.42
09-Apr-09	-0.29
08-Apr-09	0.29
07-Apr-09	1.23
06-Apr-09	-2.69
03-Apr-09	-1.3
02-Apr-09	-2.02
01-Apr-09	0.38
31-Mar-09	0.78
30-Mar-09	-0.81
27-Mar-09	-1.77
26-Mar-09	0.45
25-Mar-09	1.31
24-Mar-09	-3.02
23-Mar-09	-0.39
20-Mar-09	-0.26
19-Mar-09	7.83
18-Mar-09	-3.02
17-Mar-09	-0.56
16-Mar-09	-0.88
13-Mar-09	0.66
12-Mar-09	1.46
11-Mar-09	1.65
10-Mar-09	-2.41
09-Mar-09	-2.59
06-Mar-09	1.63
05-Mar-09	2.32
04-Mar-09	-0.76
03-Mar-09	-2.78
02-Mar-09	-0.27
27-Feb-09	-0.03
26-Feb-09	-2.47
25-Feb-09	-0.35
24-Feb-09	-2.56
23-Feb-09	-0.72
20-Feb-09	2.63
19-Feb-09	-0.16
18-Feb-09	1.11
17-Feb-09	2.71
13-Feb-09	-0.74
12-Feb-09	0.5
11-Feb-09	3.29
10-Feb-09	2.39
09-Feb-09	-2.35
06-Feb-09	0.03
05-Feb-09	1.33
04-Feb-09	1.08
03-Feb-09	-1.62
02-Feb-09	-2.22
30-Jan-09	2.45
29-Jan-09	1.91
28-Jan-09	-1.23
27-Jan-09	-1.02
26-Jan-09	1.47
23-Jan-09	4.32
22-Jan-09	1.01
21-Jan-09	-0.59
20-Jan-09	1.82
16-Jan-09	4.04
15-Jan-09	-0.19
14-Jan-09	-1.45
13-Jan-09	-0.02
12-Jan-09	-3.98
09-Jan-09	0.05
08-Jan-09	1.52
07-Jan-09	-2.81
06-Jan-09	0.96
05-Jan-09	-2.46
02-Jan-09	-0.54
31-Dec-08	1.65
30-Dec-08	-0.61
29-Dec-08	0.48
26-Dec-08	2.75
24-Dec-08	1.18
23-Dec-08	-1.06
22-Dec-08	1.17
19-Dec-08	-2.7
18-Dec-08	-0.91
17-Dec-08	3.07
16-Dec-08	0.75
15-Dec-08	2.01
12-Dec-08	-0.73
11-Dec-08	2.21
10-Dec-08	4.49
09-Dec-08	0.65
08-Dec-08	2.25
05-Dec-08	-1.74
04-Dec-08	-0.65
03-Dec-08	-1.6
02-Dec-08	0.86
01-Dec-08	-5.1
28-Nov-08	0.95
26-Nov-08	-1.21
25-Nov-08	-0.12
24-Nov-08	3.5
21-Nov-08	5.76
20-Nov-08	1.73
19-Nov-08	0.45
18-Nov-08	-1.25
17-Nov-08	-0.07
14-Nov-08	5.32
13-Nov-08	-1.78
12-Nov-08	-1.95
11-Nov-08	-1.82
10-Nov-08	1.69
07-Nov-08	0.27
06-Nov-08	-1.36
05-Nov-08	-1.94
04-Nov-08	4.22
03-Nov-08	1.2
31-Oct-08	-2.77
30-Oct-08	-2.07
29-Oct-08	1.83
28-Oct-08	-0.32
27-Oct-08	1.73
24-Oct-08	2.22
23-Oct-08	-2.73
22-Oct-08	-4.28
21-Oct-08	-2.73
20-Oct-08	0.32
17-Oct-08	-2.05
16-Oct-08	-4.07
15-Oct-08	-0.1
14-Oct-08	-0.31
13-Oct-08	-1.93
10-Oct-08	-3.14
09-Oct-08	-2.21
08-Oct-08	2.81
07-Oct-08	1.82
06-Oct-08	4.08
03-Oct-08	-1.2
02-Oct-08	-4.73
01-Oct-08	0.74
30-Sep-08	-1.58
29-Sep-08	0.6
26-Sep-08	0.59
25-Sep-08	-1.27
24-Sep-08	0.4
23-Sep-08	-2.04
22-Sep-08	5.03
19-Sep-08	-3.6
18-Sep-08	5.45
17-Sep-08	9.03
16-Sep-08	-0.84
15-Sep-08	3
12-Sep-08	2.56
11-Sep-08	-2.19
10-Sep-08	-3.71
09-Sep-08	-1.3
08-Sep-08	-0.01
05-Sep-08	-0.04
04-Sep-08	-0.6
03-Sep-08	-0.29
02-Sep-08	-2.93
29-Aug-08	-0.19
28-Aug-08	0.34
27-Aug-08	0.72
26-Aug-08	0.29
25-Aug-08	-0.92
22-Aug-08	-0.67
21-Aug-08	2.8
20-Aug-08	-0.1
19-Aug-08	1.43
18-Aug-08	1.74
15-Aug-08	-2.75
14-Aug-08	-2.04
13-Aug-08	2.08
12-Aug-08	-1.62
11-Aug-08	-4.23
08-Aug-08	-1.48
07-Aug-08	-0.56
06-Aug-08	-0.34
05-Aug-08	-2.39
04-Aug-08	-0.98
01-Aug-08	-0.54
31-Jul-08	1.22
30-Jul-08	-1.47
29-Jul-08	-1.21
28-Jul-08	0.11
25-Jul-08	0.5
24-Jul-08	-0.04
23-Jul-08	-2.7
22-Jul-08	-1.57
21-Jul-08	0.61
18-Jul-08	-1.31
17-Jul-08	0.85
16-Jul-08	-1.63
15-Jul-08	0.51
14-Jul-08	1.38
11-Jul-08	1.98
10-Jul-08	1.47
09-Jul-08	0.59
08-Jul-08	-0.58
07-Jul-08	-0.49
03-Jul-08	-1.37
02-Jul-08	0.24
01-Jul-08	1.76
30-Jun-08	-0.33
27-Jun-08	1.77
26-Jun-08	3.76
25-Jun-08	-1.03
24-Jun-08	0.5
23-Jun-08	-1.83
20-Jun-08	-0.04
19-Jun-08	1.21
18-Jun-08	0.75
17-Jun-08	0.08
16-Jun-08	1.53
13-Jun-08	0.13
12-Jun-08	-1.19
11-Jun-08	1.36
10-Jun-08	-3
09-Jun-08	-0.08
06-Jun-08	2.71
05-Jun-08	-0.92
04-Jun-08	-0.19
03-Jun-08	-1.27
02-Jun-08	0.63
30-May-08	1.15
29-May-08	-2.59
28-May-08	-0.79
27-May-08	-1.93
23-May-08	0.84
22-May-08	-1.09
21-May-08	0.92
20-May-08	1.6
19-May-08	0.67
16-May-08	2.28
15-May-08	1.57
14-May-08	-0.36
13-May-08	-1.72
12-May-08	-0.09
09-May-08	0.44
08-May-08	1.26
07-May-08	-0.73
06-May-08	0.42
05-May-08	1.89
02-May-08	0.85
01-May-08	-1.61
30-Apr-08	-1.3
29-Apr-08	-2.09
28-Apr-08	0.64
25-Apr-08	0.05
24-Apr-08	-2.14
23-Apr-08	-1.75
22-Apr-08	0.83
21-Apr-08	0.27
18-Apr-08	-2.94
17-Apr-08	-0.56
16-Apr-08	1.77
15-Apr-08	0.36
14-Apr-08	0.19
11-Apr-08	-0.51
10-Apr-08	-0.57
09-Apr-08	2.14
08-Apr-08	-0.94
07-Apr-08	1.51
04-Apr-08	0.44
03-Apr-08	1.09
02-Apr-08	1.39
01-Apr-08	-3.63
31-Mar-08	-1.55
28-Mar-08	-1.92
27-Mar-08	-0.02
26-Mar-08	1.54
25-Mar-08	1.78
24-Mar-08	-0.14
20-Mar-08	-2.66
19-Mar-08	-5.83
18-Mar-08	0.18
17-Mar-08	0.32
14-Mar-08	0.59
13-Mar-08	1.38
12-Mar-08	0.47
11-Mar-08	0.44
10-Mar-08	-0.24
07-Mar-08	-0.29
06-Mar-08	-1.14
05-Mar-08	2.31
04-Mar-08	-1.79
03-Mar-08	0.97
29-Feb-08	0.79
28-Feb-08	0.66
27-Feb-08	1.28
26-Feb-08	0.91
25-Feb-08	-0.75
22-Feb-08	-0.15
21-Feb-08	1.23
20-Feb-08	0.86
19-Feb-08	2.64
15-Feb-08	-0.51
14-Feb-08	0.1
13-Feb-08	-0.1
12-Feb-08	-1.68
11-Feb-08	0.49
08-Feb-08	1.36
07-Feb-08	0.6
06-Feb-08	1.67
05-Feb-08	-2.1
04-Feb-08	-0.42
01-Feb-08	-1.52
31-Jan-08	0.23
30-Jan-08	-0.49
29-Jan-08	-0.22
28-Jan-08	1.82
25-Jan-08	0.55
24-Jan-08	2.61
23-Jan-08	-0.8
22-Jan-08	1
18-Jan-08	0.15
17-Jan-08	-0.12
16-Jan-08	-2.26
15-Jan-08	-0.07
14-Jan-08	0.61
11-Jan-08	0.49
10-Jan-08	1.39
09-Jan-08	0.17
08-Jan-08	2.14
07-Jan-08	-0.41
04-Jan-08	-0.38
03-Jan-08	1.1
02-Jan-08	2.65
31-Dec-07	-0.56
28-Dec-07	1.33
27-Dec-07	0.31
26-Dec-07	1.62
24-Dec-07	0.15
21-Dec-07	1.55
20-Dec-07	-0.24
19-Dec-07	-0.24
18-Dec-07	1.03
17-Dec-07	0.19
14-Dec-07	-0.71
13-Dec-07	-1.78
12-Dec-07	0.26
11-Dec-07	0.46
10-Dec-07	1.67
07-Dec-07	-0.85
06-Dec-07	0.46
05-Dec-07	-0.47
04-Dec-07	1.65
03-Dec-07	0.78
30-Nov-07	-1.65
29-Nov-07	-0.6
28-Nov-07	-1.67
27-Nov-07	-1.49
26-Nov-07	0.24
23-Nov-07	3.31
21-Nov-07	0.92
20-Nov-07	1.74
19-Nov-07	-1.13
16-Nov-07	-0.03
15-Nov-07	-3.33
14-Nov-07	1.98
13-Nov-07	-1.07
12-Nov-07	-3.21
09-Nov-07	-0.32
08-Nov-07	0.51
07-Nov-07	1.24
06-Nov-07	1.57
05-Nov-07	0.3
02-Nov-07	1.9
01-Nov-07	-0.16
31-Oct-07	0.98
30-Oct-07	-0.61
29-Oct-07	0.66
26-Oct-07	2.16
25-Oct-07	0.75
24-Oct-07	0.34
23-Oct-07	0.42
22-Oct-07	-1.07
19-Oct-07	-0.01
18-Oct-07	0.87
17-Oct-07	0.07
16-Oct-07	-0.01
15-Oct-07	1.12
12-Oct-07	-0.35
11-Oct-07	1.47
10-Oct-07	0.41
09-Oct-07	0.63
08-Oct-07	-1.15
05-Oct-07	0.47
04-Oct-07	1.17
03-Oct-07	-0.07
02-Oct-07	-2.33
01-Oct-07	0.59
28-Sep-07	1.38
27-Sep-07	0.6
26-Sep-07	-0.45
25-Sep-07	-0.07
24-Sep-07	0.1
21-Sep-07	-0.14
20-Sep-07	1.44
19-Sep-07	0.87
18-Sep-07	0
17-Sep-07	0.87
14-Sep-07	0.01
13-Sep-07	-0.34
12-Sep-07	-0.04
11-Sep-07	1.27
10-Sep-07	0.36
07-Sep-07	0.75
06-Sep-07	2.04
05-Sep-07	-0.12
04-Sep-07	1.41
31-Aug-07	1.2
30-Aug-07	-0.2
29-Aug-07	0.29
28-Aug-07	-0.36
27-Aug-07	-0.18
24-Aug-07	1.38
23-Aug-07	-0.03
22-Aug-07	0.37
21-Aug-07	0
20-Aug-07	-0.03
17-Aug-07	1.33
16-Aug-07	-3.08
15-Aug-07	0.04
14-Aug-07	-0.16
13-Aug-07	-0.09
10-Aug-07	1.35
09-Aug-07	-1.94
08-Aug-07	0.58
07-Aug-07	-0.13
06-Aug-07	-0.15
03-Aug-07	1.19
02-Aug-07	0.15
01-Aug-07	-0.49
31-Jul-07	0.42
30-Jul-07	0.62
27-Jul-07	-0.38
26-Jul-07	-1.6
25-Jul-07	-1.59
24-Jul-07	0.5
23-Jul-07	-0.45
20-Jul-07	0.99
19-Jul-07	0.68
18-Jul-07	1.19
17-Jul-07	-0.05
16-Jul-07	-0.12
13-Jul-07	-0.13
12-Jul-07	0.97
11-Jul-07	-0.33
10-Jul-07	0.3
09-Jul-07	1.2
06-Jul-07	0.66
05-Jul-07	-0.69
03-Jul-07	-0.55
02-Jul-07	1.3
29-Jun-07	0.09
28-Jun-07	0.9
27-Jun-07	-0.06
26-Jun-07	-1.41
25-Jun-07	-0.34
22-Jun-07	0.45
21-Jun-07	-0.84
20-Jun-07	-0.7
19-Jun-07	0.75
18-Jun-07	0.2
15-Jun-07	0.45
14-Jun-07	0.52
13-Jun-07	-0.05
12-Jun-07	-0.89
11-Jun-07	1.36
08-Jun-07	-2.21
07-Jun-07	-1.37
06-Jun-07	-0.04
05-Jun-07	-0.16
04-Jun-07	-0.07
01-Jun-07	1.54
31-May-07	1.21
30-May-07	-0.61
29-May-07	0.31
25-May-07	0.32
24-May-07	-1.34
23-May-07	0.42
22-May-07	-0.57
21-May-07	0.29
18-May-07	0.73
17-May-07	-0.61
16-May-07	-1.9
15-May-07	0.67
14-May-07	-0.31
11-May-07	0.83
10-May-07	-2.23
09-May-07	-0.7
08-May-07	-0.42
07-May-07	0.12
04-May-07	0.79
03-May-07	1.41
02-May-07	-0.31
01-May-07	-0.9
30-Apr-07	0.27
27-Apr-07	0.56
26-Apr-07	-1.34
25-Apr-07	-0.01
24-Apr-07	-0.93
23-Apr-07	-0.2
20-Apr-07	1.13
19-Apr-07	-0.7
18-Apr-07	0.13
17-Apr-07	-0.28
16-Apr-07	0.69
13-Apr-07	1.53
12-Apr-07	-0.25
11-Apr-07	0.04
10-Apr-07	0.68
09-Apr-07	-0.34
05-Apr-07	0.31
04-Apr-07	1.22
03-Apr-07	-0.26
02-Apr-07	0.41
30-Mar-07	0.23
29-Mar-07	-0.75
28-Mar-07	0.66
27-Mar-07	-0.2
26-Mar-07	1.02
23-Mar-07	-1.01
22-Mar-07	0.67
21-Mar-07	0.17
20-Mar-07	0.73
19-Mar-07	0.08
16-Mar-07	1.07
15-Mar-07	0.75
14-Mar-07	-1.03
13-Mar-07	-0.12
12-Mar-07	-0.25
09-Mar-07	-0.52
08-Mar-07	0.43
07-Mar-07	1.06
06-Mar-07	1.12
05-Mar-07	-0.75
02-Mar-07	-3.14
01-Mar-07	-1.06
28-Feb-07	-2.12
27-Feb-07	-0.38
26-Feb-07	0.5
23-Feb-07	0.54
22-Feb-07	-0.12
21-Feb-07	3.52
20-Feb-07	-1.75
16-Feb-07	0.22
15-Feb-07	-0.01
14-Feb-07	0.53
13-Feb-07	0.2
12-Feb-07	-0.73
09-Feb-07	1.44
08-Feb-07	0.87
07-Feb-07	-0.2
06-Feb-07	0.41
05-Feb-07	0.73
02-Feb-07	-1.7
01-Feb-07	0.83
31-Jan-07	1.21
30-Jan-07	0.17
29-Jan-07	-0.22
26-Jan-07	-0.51
25-Jan-07	0.03
24-Jan-07	0.37
23-Jan-07	1.88
22-Jan-07	-0.35
19-Jan-07	1.34
18-Jan-07	-0.79
17-Jan-07	1.2
16-Jan-07	-0.14
12-Jan-07	2.14
11-Jan-07	0.13
10-Jan-07	-0.24
09-Jan-07	0.92
08-Jan-07	0.43
05-Jan-07	-3.05
04-Jan-07	-0.51
03-Jan-07	-1.28
02-Jan-07	0
29-Dec-06	0.17
28-Dec-06	1.1
27-Dec-06	0.56
26-Dec-06	0.74
22-Dec-06	0.15
21-Dec-06	-0.39
20-Dec-06	-0.16
19-Dec-06	1.24
18-Dec-06	-0.16
15-Dec-06	-1.85
14-Dec-06	-0.21
13-Dec-06	0.14
12-Dec-06	-0.48
11-Dec-06	0.62
08-Dec-06	-0.92
07-Dec-06	0.22
06-Dec-06	-1.84
05-Dec-06	-0.45
04-Dec-06	0.08
01-Dec-06	-0.34
30-Nov-06	1.79
29-Nov-06	-0.27
28-Nov-06	-0.5
27-Nov-06	1.86
24-Nov-06	0
22-Nov-06	0.08
21-Nov-06	1.13
20-Nov-06	-0.05
17-Nov-06	0.15
16-Nov-06	-0.31
15-Nov-06	-0.21
14-Nov-06	-0.06
13-Nov-06	-0.67
10-Nov-06	-1.04
09-Nov-06	3.02
08-Nov-06	-1.49
07-Nov-06	-0.02
06-Nov-06	-0.18
03-Nov-06	0.24
02-Nov-06	1.43
01-Nov-06	2.07
31-Oct-06	-0.1
30-Oct-06	1.09
27-Oct-06	0.23
26-Oct-06	1.57
25-Oct-06	0.55
24-Oct-06	0.81
23-Oct-06	-2.24
20-Oct-06	-1
19-Oct-06	1.72
18-Oct-06	-0.14
17-Oct-06	-0.84
16-Oct-06	1
13-Oct-06	2.17
12-Oct-06	0.7
11-Oct-06	0.07
10-Oct-06	-1.12
09-Oct-06	1.05
06-Oct-06	0.25
05-Oct-06	1.6
04-Oct-06	-2.48
03-Oct-06	-3.58
02-Oct-06	-0.15
29-Sep-06	-1.06
28-Sep-06	1.29
27-Sep-06	1.03
26-Sep-06	0.22
25-Sep-06	0.08
22-Sep-06	1.24
21-Sep-06	0.38
20-Sep-06	0.55
19-Sep-06	-1.6
18-Sep-06	1.7
15-Sep-06	-0.5
14-Sep-06	-1.66
13-Sep-06	0.36
12-Sep-06	-0.51
11-Sep-06	-3.22
08-Sep-06	-1.2
07-Sep-06	-2.6
06-Sep-06	-0.78
05-Sep-06	2.26
01-Sep-06	-0.24
31-Aug-06	1.33
30-Aug-06	1.15
29-Aug-06	-0.75
28-Aug-06	-1.08
25-Aug-06	0.4
24-Aug-06	-0.67
23-Aug-06	-0.14
22-Aug-06	-0.18
21-Aug-06	2.22
18-Aug-06	-0.54
17-Aug-06	-2.12
16-Aug-06	1
15-Aug-06	-0.95
14-Aug-06	-0.79
11-Aug-06	-0.22
10-Aug-06	-2.4
09-Aug-06	0.74
08-Aug-06	-0.32
07-Aug-06	0.59
04-Aug-06	-0.14
03-Aug-06	-1.03
02-Aug-06	0.82
01-Aug-06	1.91
31-Jul-06	-0.09
28-Jul-06	0.38
27-Jul-06	1.74
26-Jul-06	0.65
25-Jul-06	0.8
24-Jul-06	-1.11
21-Jul-06	-1.92
20-Jul-06	-1.54
19-Jul-06	2.12
18-Jul-06	-3.43
17-Jul-06	-2.4
14-Jul-06	2.1
13-Jul-06	0.54
12-Jul-06	1.28
11-Jul-06	2.74
10-Jul-06	-1.37
07-Jul-06	-0.21
06-Jul-06	1.08
05-Jul-06	2.25
03-Jul-06	0
30-Jun-06	4.6
29-Jun-06	1.42
28-Jun-06	-0.57
27-Jun-06	-0.55
26-Jun-06	0
23-Jun-06	0.45
22-Jun-06	-0.9
21-Jun-06	1.84
20-Jun-06	1.42
19-Jun-06	-1.59
16-Jun-06	2.03
15-Jun-06	0.75
14-Jun-06	-0.04
13-Jun-06	-7.3
12-Jun-06	-0.23
09-Jun-06	-0.15
08-Jun-06	-2.92
07-Jun-06	-0.32
06-Jun-06	-2.15
05-Jun-06	1.21
02-Jun-06	1.26
01-Jun-06	-2.32
31-May-06	-1.74
30-May-06	0.46
26-May-06	0.39
25-May-06	1.79
24-May-06	-5.35
23-May-06	2.44
22-May-06	0.05
19-May-06	-3.37
18-May-06	-1.58
17-May-06	-0.14
16-May-06	1.16
15-May-06	-3.76
12-May-06	-1.32
11-May-06	2.29
10-May-06	0.61
09-May-06	3.19
08-May-06	-0.64
05-May-06	1.19
04-May-06	1.25
03-May-06	0.18
02-May-06	1.1
01-May-06	0.87
28-Apr-06	2.92
27-Apr-06	-0.86
26-Apr-06	1.24
25-Apr-06	1.68
24-Apr-06	-1.83
21-Apr-06	2
20-Apr-06	-2.02
19-Apr-06	2.03
18-Apr-06	0.75
17-Apr-06	3.17
13-Apr-06	-0.17
12-Apr-06	0.39
11-Apr-06	-0.4
10-Apr-06	1.56
07-Apr-06	-1.14
06-Apr-06	1.24
05-Apr-06	0.32
04-Apr-06	-0.58
03-Apr-06	1.31
31-Mar-06	-0.84
30-Mar-06	2.39
29-Mar-06	1.13
28-Mar-06	-0.07
27-Mar-06	1.25
24-Mar-06	1.8
23-Mar-06	-0.15
22-Mar-06	-0.27
21-Mar-06	-0.5
20-Mar-06	0.2
17-Mar-06	-0.05
16-Mar-06	0.24
15-Mar-06	0.25
14-Mar-06	1.03
13-Mar-06	1.15
10-Mar-06	-1.03
09-Mar-06	0.55
08-Mar-06	-1.85
07-Mar-06	-0.4
06-Mar-06	-1.96
03-Mar-06	-0.39
02-Mar-06	0.83
01-Mar-06	0.34
28-Feb-06	1.24
27-Feb-06	-0.73
24-Feb-06	1.9
23-Feb-06	-0.99
22-Feb-06	0
21-Feb-06	0.38
17-Feb-06	1.06
16-Feb-06	1.17
15-Feb-06	-1.14
14-Feb-06	1.28
13-Feb-06	-2.04
10-Feb-06	-2.53
09-Feb-06	2.62
08-Feb-06	-0.16
07-Feb-06	-3.37
06-Feb-06	0.49
03-Feb-06	-0.89
02-Feb-06	0.54
01-Feb-06	-0.25
31-Jan-06	0.88
30-Jan-06	1.27
27-Jan-06	-0.18
26-Jan-06	-0.44
25-Jan-06	0.81
24-Jan-06	-0.11
23-Jan-06	0.87
20-Jan-06	-0.88
19-Jan-06	2.7
18-Jan-06	-1.75
17-Jan-06	-0.49
13-Jan-06	1.42
12-Jan-06	-0.09
11-Jan-06	0.83
10-Jan-06	-0.87
09-Jan-06	1.74
06-Jan-06	2.55
05-Jan-06	-1.42
04-Jan-06	0.6
03-Jan-06	2.33
02-Jan-06	0.29
30-Dec-05	0.27
29-Dec-05	0.29
28-Dec-05	1.22
27-Dec-05	0.99
23-Dec-05	0.06
22-Dec-05	1.97
21-Dec-05	-0.32
20-Dec-05	-1.79
19-Dec-05	0.04
16-Dec-05	-0.1
15-Dec-05	-0.51
14-Dec-05	-2.78
13-Dec-05	-1.4
12-Dec-05	0.27
09-Dec-05	1.48
08-Dec-05	0.97
07-Dec-05	0.8
06-Dec-05	0.26
05-Dec-05	1.11
02-Dec-05	0.16
01-Dec-05	1.6
30-Nov-05	-0.9
29-Nov-05	0.16
28-Nov-05	1.26
23-Nov-05	-0.1
22-Nov-05	0.74
21-Nov-05	0.7
18-Nov-05	-0.12
17-Nov-05	1.65
16-Nov-05	2.18
15-Nov-05	-0.02
14-Nov-05	-0.02
11-Nov-05	0.36
10-Nov-05	0.06
09-Nov-05	1.17
08-Nov-05	0.41
07-Nov-05	0.59
04-Nov-05	-0.83
03-Nov-05	-0.58
02-Nov-05	0.87
01-Nov-05	-1.35
31-Oct-05	-1.67
28-Oct-05	-0.17
27-Oct-05	0.55
26-Oct-05	-0.34
25-Oct-05	1.68
24-Oct-05	-0.43
21-Oct-05	1.3
20-Oct-05	-0.54
19-Oct-05	-1.82
18-Oct-05	-0.42
17-Oct-05	1.04
14-Oct-05	-0.4
13-Oct-05	-0.59
12-Oct-05	-0.67
11-Oct-05	0.42
10-Oct-05	0.08
07-Oct-05	0.59
06-Oct-05	1.24
05-Oct-05	0
04-Oct-05	0
03-Oct-05	-0.62
30-Sep-05	-0.7
29-Sep-05	0.55
28-Sep-05	1.53
27-Sep-05	-0.71
26-Sep-05	0.52
23-Sep-05	-0.66
22-Sep-05	-0.49
21-Sep-05	0.58
20-Sep-05	-0.11
19-Sep-05	1.57
16-Sep-05	0.88
15-Sep-05	1.27
14-Sep-05	0.83
13-Sep-05	-0.8
12-Sep-05	0.16
09-Sep-05	0.51
08-Sep-05	0.4
07-Sep-05	0.11
06-Sep-05	0.05
02-Sep-05	0.43
01-Sep-05	1.96
31-Aug-05	0.6
30-Aug-05	-1.33
29-Aug-05	-0.09
26-Aug-05	-0.23
25-Aug-05	0.25
24-Aug-05	-0.48
23-Aug-05	0.3
22-Aug-05	0.21
19-Aug-05	-0.52
18-Aug-05	-0.09
17-Aug-05	-1.39
16-Aug-05	0.88
15-Aug-05	-0.83
12-Aug-05	0.09
11-Aug-05	2.06
10-Aug-05	0.53
09-Aug-05	-0.12
08-Aug-05	-0.57
05-Aug-05	-0.16
04-Aug-05	0.23
03-Aug-05	1.16
02-Aug-05	0
01-Aug-05	0.47
29-Jul-05	0.58
28-Jul-05	0.64
27-Jul-05	0.31
26-Jul-05	-0.54
25-Jul-05	0.24
22-Jul-05	-0.16
21-Jul-05	0.88
20-Jul-05	0.48
19-Jul-05	-0.19
18-Jul-05	-0.05
15-Jul-05	0.26
14-Jul-05	-1.01
13-Jul-05	-0.56
12-Jul-05	0.19
11-Jul-05	0.61
08-Jul-05	-0.09
07-Jul-05	-0.05
06-Jul-05	0.14
05-Jul-05	-1.15
01-Jul-05	-1.86
30-Jun-05	-0.32
29-Jun-05	0.21
28-Jun-05	-0.89
27-Jun-05	-0.05
24-Jun-05	-0.27
23-Jun-05	0.82
22-Jun-05	-0.18
21-Jun-05	0.11
20-Jun-05	0.02
17-Jun-05	0.48
16-Jun-05	1.65
15-Jun-05	0.37
14-Jun-05	-0.42
13-Jun-05	0.44
10-Jun-05	0.75
09-Jun-05	-0.12
08-Jun-05	-0.02
07-Jun-05	-0.4
06-Jun-05	0.66
03-Jun-05	0.24
02-Jun-05	1.78
01-Jun-05	-0.24
31-May-05	-0.83
27-May-05	0.43
26-May-05	-0.19
25-May-05	0.31
24-May-05	0.22
23-May-05	-0.19
20-May-05	-0.74
19-May-05	-0.24
18-May-05	0.5
17-May-05	0.12
16-May-05	-0.31
13-May-05	-0.33
12-May-05	-1.31
11-May-05	0
10-May-05	0.23
09-May-05	0.02
06-May-05	-0.86
05-May-05	0.19
04-May-05	0.54
03-May-05	-0.65
02-May-05	-1.26
29-Apr-05	0.86
28-Apr-05	-0.39
27-Apr-05	-1.12
26-Apr-05	0.76
25-Apr-05	0.07
22-Apr-05	0.3
21-Apr-05	-0.53
20-Apr-05	0.55
19-Apr-05	1.26
18-Apr-05	0.61
15-Apr-05	0.21
14-Apr-05	-1.23
13-Apr-05	0.4
12-Apr-05	-0.23
11-Apr-05	0.4
08-Apr-05	0.09
07-Apr-05	-0.14
06-Apr-05	0.61
05-Apr-05	0.14
04-Apr-05	-0.47
01-Apr-05	-0.65
31-Mar-05	0.42
30-Mar-05	0.21
29-Mar-05	0.02
28-Mar-05	0.28
24-Mar-05	-0.12
23-Mar-05	-1.41
22-Mar-05	0.05
21-Mar-05	-1.87
18-Mar-05	0.14
17-Mar-05	-1.13
16-Mar-05	0.64
15-Mar-05	-0.05
14-Mar-05	-1.14
11-Mar-05	0.77
10-Mar-05	0.16
09-Mar-05	0.41
08-Mar-05	1.22
07-Mar-05	0.18
04-Mar-05	1
03-Mar-05	-0.67
02-Mar-05	-0.02
01-Mar-05	-0.82
28-Feb-05	0.37
25-Feb-05	0.09
24-Feb-05	-0.09
23-Feb-05	0.09
22-Feb-05	1.73
18-Feb-05	-0.05
17-Feb-05	0.42
16-Feb-05	-0.09
15-Feb-05	0.02
14-Feb-05	1.26
11-Feb-05	0.79
10-Feb-05	1.04
09-Feb-05	0.07
08-Feb-05	-0.24
07-Feb-05	-0.1
04-Feb-05	-0.62
03-Feb-05	-1.07
02-Feb-05	0.07
01-Feb-05	-0.24
31-Jan-05	-0.94
28-Jan-05	-0.12
27-Jan-05	-0.14
26-Jan-05	1.16
25-Jan-05	-1.15
24-Jan-05	0.05
21-Jan-05	1.02
20-Jan-05	-0.14
19-Jan-05	-0.05
18-Jan-05	0.12
14-Jan-05	-0.47
13-Jan-05	-0.33
12-Jan-05	1
11-Jan-05	0.67
10-Jan-05	0.05
07-Jan-05	-0.5
06-Jan-05	-1.31
05-Jan-05	-0.44
04-Jan-05	-0.05
03-Jan-05	-2.01
30-Dec-04	0.34
29-Dec-04	-1.87
28-Dec-04	-0.2
27-Dec-04	0.75
23-Dec-04	0.36
22-Dec-04	-0.34
21-Dec-04	-0.14
20-Dec-04	0.18
17-Dec-04	1.08
16-Dec-04	-0.88
15-Dec-04	1.12
14-Dec-04	-0.68
13-Dec-04	1.15
10-Dec-04	-0.44
09-Dec-04	-0.32
08-Dec-04	-3.27
07-Dec-04	-0.48
06-Dec-04	-0.39
03-Dec-04	1.24
02-Dec-04	-0.79
01-Dec-04	0.6
30-Nov-04	-0.53
29-Nov-04	0.98
24-Nov-04	0.33
23-Nov-04	-0.22
22-Nov-04	0.45
19-Nov-04	0.95
18-Nov-04	-0.49
17-Nov-04	1.04
16-Nov-04	0.73
15-Nov-04	-0.21
12-Nov-04	0.69
11-Nov-04	0.21
10-Nov-04	-0.39
09-Nov-04	0.69
08-Nov-04	-0.21
05-Nov-04	0.81
04-Nov-04	1.3
03-Nov-04	1.1
02-Nov-04	-1.71
01-Nov-04	-0.28
29-Oct-04	0.8
28-Oct-04	0.07
27-Oct-04	-0.47
26-Oct-04	-0.51
25-Oct-04	1.04
22-Oct-04	0.05
21-Oct-04	0.21
20-Oct-04	0.76
19-Oct-04	0.99
18-Oct-04	-0.6
15-Oct-04	0.14
14-Oct-04	1.19
13-Oct-04	-0.46
12-Oct-04	-1.64
11-Oct-04	-0.26
08-Oct-04	1.22
07-Oct-04	-0.1
06-Oct-04	0.05
05-Oct-04	1.01
04-Oct-04	-1.31
01-Oct-04	0.19
30-Sep-04	1.38
29-Sep-04	0.12
28-Sep-04	0.83
27-Sep-04	0.25
24-Sep-04	-0.68
23-Sep-04	0.91
22-Sep-04	-0.27
21-Sep-04	0.74
20-Sep-04	-0.12
17-Sep-04	0.27
16-Sep-04	-0.07
15-Sep-04	-0.17
14-Sep-04	0.4
13-Sep-04	0.55
10-Sep-04	0.85
09-Sep-04	-0.23
08-Sep-04	0.5
07-Sep-04	-0.77
03-Sep-04	-1.35
02-Sep-04	-0.68
01-Sep-04	-0.39
31-Aug-04	0.64
30-Aug-04	1.12
27-Aug-04	-1.01
26-Aug-04	-0.12
25-Aug-04	1.22
24-Aug-04	-1.83
23-Aug-04	-0.65
20-Aug-04	1.5
19-Aug-04	0.69
18-Aug-04	-0.02
17-Aug-04	0.37
16-Aug-04	1
13-Aug-04	1.17
12-Aug-04	-0.3
11-Aug-04	-1.13
10-Aug-04	-0.17
09-Aug-04	0.23
06-Aug-04	1.91
05-Aug-04	0.03
04-Aug-04	-0.46
03-Aug-04	0.59
02-Aug-04	0.18
30-Jul-04	1.03
29-Jul-04	-0.51
28-Jul-04	0.52
27-Jul-04	-0.85
26-Jul-04	-0.05
23-Jul-04	-1.19
22-Jul-04	-0.48
21-Jul-04	-1.19
20-Jul-04	-0.91
19-Jul-04	-0.25
16-Jul-04	0.59
15-Jul-04	-0.3
14-Jul-04	0.85
13-Jul-04	-1.49
12-Jul-04	0.15
09-Jul-04	-0.07
08-Jul-04	1.37
07-Jul-04	2.47
06-Jul-04	-1.43
02-Jul-04	0.58
01-Jul-04	0.87
30-Jun-04	0.03
29-Jun-04	-2.12
28-Jun-04	-0.47
25-Jun-04	-0.05
24-Jun-04	2.05
23-Jun-04	0
22-Jun-04	0.25
21-Jun-04	-0.28
18-Jun-04	1.59
17-Jun-04	1.12
16-Jun-04	-0.9
15-Jun-04	1.17
14-Jun-04	-0.6
10-Jun-04	0.36
09-Jun-04	-1.66
08-Jun-04	-0.69
07-Jun-04	0.72
04-Jun-04	0.72
03-Jun-04	-0.89
02-Jun-04	-0.76
01-Jun-04	0.15
28-May-04	1.47
26-May-04	0
25-May-04	0.7
24-May-04	0.21
21-May-04	1.69
20-May-04	-1.18
19-May-04	1.89
18-May-04	-0.97
17-May-04	0.66
14-May-04	0.59
13-May-04	-0.69
12-May-04	0.13
11-May-04	-0.37
10-May-04	-0.11
07-May-04	-2.4
06-May-04	-1.37
05-May-04	0.51
04-May-04	1.14
03-May-04	0
30-Apr-04	0.1
29-Apr-04	0.31
28-Apr-04	-3.31
27-Apr-04	0.66
26-Apr-04	0.23
23-Apr-04	0.46
22-Apr-04	0.64
21-Apr-04	-1.73
20-Apr-04	-0.72
19-Apr-04	-0.1
16-Apr-04	0.83
15-Apr-04	-0.53
14-Apr-04	-1.77
13-Apr-04	-3.12
12-Apr-04	0.05
08-Apr-04	-0.69
07-Apr-04	0.93
06-Apr-04	0.84
05-Apr-04	-1.47
02-Apr-04	-1.45
01-Apr-04	0.12
31-Mar-04	1.33
30-Mar-04	1.1
29-Mar-04	-1.18
26-Mar-04	1.3
25-Mar-04	-0.12
24-Mar-04	-0.62
23-Mar-04	0.57
22-Mar-04	1.19
19-Mar-04	0.34
18-Mar-04	1.03
17-Mar-04	1.12
16-Mar-04	0.75
15-Mar-04	1.04
12-Mar-04	-1.35
11-Mar-04	0.18
10-Mar-04	-1.04
09-Mar-04	0.9
08-Mar-04	-0.17
05-Mar-04	2.14
04-Mar-04	0.13
03-Mar-04	-0.28
02-Mar-04	-1.45
01-Mar-04	0.73
27-Feb-04	0.33
26-Feb-04	-0.18
25-Feb-04	-2.15
24-Feb-04	1.38
23-Feb-04	0.38
20-Feb-04	-3
19-Feb-04	-0.61
18-Feb-04	-0.89
17-Feb-04	1.39
13-Feb-04	-0.82
12-Feb-04	0.85
11-Feb-04	0.94
10-Feb-04	-0.1
09-Feb-04	0.79
06-Feb-04	1.38
05-Feb-04	-0.72
04-Feb-04	0.45
03-Feb-04	0.13
02-Feb-04	-0.87
30-Jan-04	0.93
29-Jan-04	-3.86
28-Jan-04	1.1
27-Jan-04	0.84
26-Jan-04	-0.32
23-Jan-04	-0.51
22-Jan-04	-0.27
21-Jan-04	-0.39
20-Jan-04	1.48
16-Jan-04	-0.42
15-Jan-04	-3.15
14-Jan-04	-0.47
13-Jan-04	-0.61
12-Jan-04	-0.02
09-Jan-04	0.57
08-Jan-04	0.5
07-Jan-04	-0.21
06-Jan-04	-0.38
05-Jan-04	2.09
31-Dec-03	-0.29
30-Dec-03	0.51
29-Dec-03	0.61
24-Dec-03	0.32
23-Dec-03	0.1
22-Dec-03	0.34
19-Dec-03	-0.29
18-Dec-03	-0.39
17-Dec-03	1.05
16-Dec-03	-0.37
15-Dec-03	-0.05
12-Dec-03	1.19
11-Dec-03	-0.39
10-Dec-03	-0.49
09-Dec-03	0.39
08-Dec-03	0.05
05-Dec-03	0.77
04-Dec-03	-0.15
03-Dec-03	0.05
02-Dec-03	0.25
01-Dec-03	1.49
26-Nov-03	1.35
24-Nov-03	-1.14
21-Nov-03	0.58
20-Nov-03	-0.3
19-Nov-03	-0.68
18-Nov-03	1.56
17-Nov-03	-1.58
14-Nov-03	0.94
13-Nov-03	-0.2
12-Nov-03	1.75
11-Nov-03	0.39
10-Nov-03	0.86
07-Nov-03	0.71
06-Nov-03	-0.52
05-Nov-03	0.71
04-Nov-03	0.77
03-Nov-03	-1.95
31-Oct-03	0.05
30-Oct-03	-0.65
29-Oct-03	0.94
28-Oct-03	-1.21
27-Oct-03	-0.26
24-Oct-03	1.09
23-Oct-03	-0.47
22-Oct-03	1.26
21-Oct-03	2.06
20-Oct-03	0.59
17-Oct-03	-0.24
16-Oct-03	0.03
15-Oct-03	-0.83
14-Oct-03	0.13
13-Oct-03	0.43
10-Oct-03	1.19
09-Oct-03	-1.65
08-Oct-03	-0.48
07-Oct-03	1.21
06-Oct-03	0.89
03-Oct-03	-3.58
02-Oct-03	-0.31
01-Oct-03	-0.29
30-Sep-03	0.78
29-Sep-03	0.42
26-Sep-03	-1.09
25-Sep-03	-0.65
24-Sep-03	0.41
23-Sep-03	-0.34
22-Sep-03	1.41
19-Sep-03	1.38
18-Sep-03	0.11
17-Sep-03	0.72
16-Sep-03	-0.27
15-Sep-03	-0.35
12-Sep-03	-1.03
11-Sep-03	-0.08
10-Sep-03	-0.45
09-Sep-03	1.76
08-Sep-03	-0.66
05-Sep-03	1.26
04-Sep-03	-0.27
03-Sep-03	0.19
02-Sep-03	-0.67
29-Aug-03	1.4
28-Aug-03	-0.8
27-Aug-03	2.1
26-Aug-03	1.25
25-Aug-03	-0.5
22-Aug-03	0.69
21-Aug-03	-1.37
20-Aug-03	1.11
19-Aug-03	0.89
18-Aug-03	-1.32
15-Aug-03	-0.77
14-Aug-03	1.08
13-Aug-03	1
12-Aug-03	-0.88
11-Aug-03	1.52
08-Aug-03	1.08
07-Aug-03	0.48
06-Aug-03	0.34
05-Aug-03	0.11
04-Aug-03	0.9
01-Aug-03	-2.23
31-Jul-03	-0.62
30-Jul-03	-1.52
29-Jul-03	-0.85
28-Jul-03	0.58
25-Jul-03	0.14
24-Jul-03	1
23-Jul-03	2.28
22-Jul-03	-0.09
21-Jul-03	1.07
18-Jul-03	0.87
17-Jul-03	0.32
16-Jul-03	0.29
15-Jul-03	-1.61
14-Jul-03	0.84
11-Jul-03	0.15
10-Jul-03	0.2
09-Jul-03	-0.15
08-Jul-03	-1.15
07-Jul-03	-0.83
03-Jul-03	-0.09
02-Jul-03	-0.03
01-Jul-03	1.56
30-Jun-03	0.23
27-Jun-03	0.38
26-Jun-03	-1.55
25-Jun-03	0.87
24-Jun-03	-1.9
23-Jun-03	-0.93
20-Jun-03	-1.38
19-Jun-03	1.15
18-Jun-03	-1.65
17-Jun-03	1.17
16-Jun-03	0.67
13-Jun-03	0.93
12-Jun-03	-0.62
11-Jun-03	0.94
10-Jun-03	-2.65
09-Jun-03	-0.52
06-Jun-03	-1.33
05-Jun-03	1.65
04-Jun-03	-0.71
03-Jun-03	-0.22
02-Jun-03	0.41
30-May-03	-1.38
29-May-03	1.2
28-May-03	-0.71
27-May-03	-0.27
23-May-03	0.19
22-May-03	-1.05
21-May-03	1.56
20-May-03	0.58
19-May-03	2.68
16-May-03	0.6
15-May-03	0.09
14-May-03	0.66
13-May-03	-0.46
12-May-03	0.86
09-May-03	0.06
08-May-03	1.9
07-May-03	-0.18
06-May-03	0.06
05-May-03	0.38
02-May-03	-0.32
01-May-03	0.88
30-Apr-03	1.62
29-Apr-03	-0.24
28-Apr-03	0.33
25-Apr-03	-0.42
24-Apr-03	1
23-Apr-03	-0.87
22-Apr-03	0.27
21-Apr-03	1.93
17-Apr-03	0.43
16-Apr-03	0.28
15-Apr-03	0.22
14-Apr-03	-1.13
11-Apr-03	0.37
10-Apr-03	0.34
09-Apr-03	1.06
08-Apr-03	0.22
07-Apr-03	-1.17
04-Apr-03	0.12
03-Apr-03	-1.43
02-Apr-03	-1.41
01-Apr-03	-0.48
31-Mar-03	1.33
28-Mar-03	0.85
27-Mar-03	-0.48
26-Mar-03	0.58
25-Mar-03	-0.33
24-Mar-03	1.07
21-Mar-03	-2.07
20-Mar-03	-0.95
19-Mar-03	-0.44
18-Mar-03	0.15
17-Mar-03	0.18
14-Mar-03	0.18
13-Mar-03	-3.06
12-Mar-03	-1.14
11-Mar-03	-1.18
10-Mar-03	1.11
07-Mar-03	-1.68
06-Mar-03	1.05
05-Mar-03	-0.03
04-Mar-03	1.15
03-Mar-03	-0.29
28-Feb-03	1.18
27-Feb-03	-2.23
26-Feb-03	0.48
25-Feb-03	-1.12
24-Feb-03	1.28
21-Feb-03	-0.37
20-Feb-03	0.91
19-Feb-03	1.66
18-Feb-03	-2.19
14-Feb-03	-1.54
13-Feb-03	1.36
12-Feb-03	-2.73
11-Feb-03	-0.33
10-Feb-03	-1.68
07-Feb-03	-0.05
06-Feb-03	-1.67
05-Feb-03	-0.69
04-Feb-03	2.21
03-Feb-03	0.68
31-Jan-03	-0.08
30-Jan-03	0.63
29-Jan-03	-1
28-Jan-03	0.16
27-Jan-03	0.33
24-Jan-03	1.02
23-Jan-03	1.33
22-Jan-03	0.67
21-Jan-03	0.2
17-Jan-03	-0.31
16-Jan-03	2
15-Jan-03	-0.37
14-Jan-03	-0.76
13-Jan-03	0.06
10-Jan-03	0.34
09-Jan-03	-0.17
08-Jan-03	1.9
07-Jan-03	-1.25
06-Jan-03	0.14
03-Jan-03	1.47
02-Jan-03	-0.43
31-Dec-02	1.22
30-Dec-02	-1.66
27-Dec-02	0.14
26-Dec-02	0.55
24-Dec-02	0.49
23-Dec-02	1.35
20-Dec-02	-1.56
19-Dec-02	1.11
18-Dec-02	1.39
17-Dec-02	0.12
16-Dec-02	1.14
13-Dec-02	0.54
12-Dec-02	2.03
11-Dec-02	0.4
10-Dec-02	-0.71
09-Dec-02	-0.15
06-Dec-02	0.46
05-Dec-02	0.81
04-Dec-02	0.62
03-Dec-02	0.82
02-Dec-02	0.25
27-Nov-02	-0.31
25-Nov-02	-0.9
22-Nov-02	1.04
21-Nov-02	0
20-Nov-02	-0.38
19-Nov-02	-0.19
18-Nov-02	-0.47
15-Nov-02	0.88
14-Nov-02	-0.25
13-Nov-02	-1.79
12-Nov-02	1.03
11-Nov-02	-0.03
08-Nov-02	0.25
07-Nov-02	0.94
06-Nov-02	-0.22
05-Nov-02	-0.03
04-Nov-02	-0.16
01-Nov-02	0.25
31-Oct-02	0.47
30-Oct-02	-0.38
29-Oct-02	0.79
28-Oct-02	0.57
25-Oct-02	0.87
24-Oct-02	-0.42
23-Oct-02	-0.32
22-Oct-02	0.68
21-Oct-02	-0.58
18-Oct-02	0.35
17-Oct-02	-0.76
16-Oct-02	0.45
15-Oct-02	-1.64
14-Oct-02	0.47
11-Oct-02	-0.06
10-Oct-02	-0.97
09-Oct-02	0.44
08-Oct-02	-1.15
07-Oct-02	-0.06
04-Oct-02	0.31
03-Oct-02	-0.12
02-Oct-02	0.19
01-Oct-02	-0.93
30-Sep-02	1.31
27-Sep-02	-0.19
26-Sep-02	-0.59
25-Sep-02	-1.14
24-Sep-02	0.9
23-Sep-02	0.34
20-Sep-02	-0.22
19-Sep-02	0.62
18-Sep-02	1.14
17-Sep-02	-0.03
16-Sep-02	0.16
13-Sep-02	-0.72
12-Sep-02	0.73
11-Sep-02	-0.41
10-Sep-02	-1.06
09-Sep-02	0.44
06-Sep-02	0.53
05-Sep-02	1.05
04-Sep-02	0.48
03-Sep-02	0.32
30-Aug-02	-0.16
29-Aug-02	1.13
28-Aug-02	-0.93
27-Aug-02	0.94
26-Aug-02	0.88
23-Aug-02	0.03
22-Aug-02	-0.33
21-Aug-02	-0.36
20-Aug-02	0.88
19-Aug-02	-2.45
16-Aug-02	-0.19
15-Aug-02	0.8
14-Aug-02	-0.76
13-Aug-02	0.03
12-Aug-02	-0.03
09-Aug-02	1.22
08-Aug-02	-1.24
07-Aug-02	2.88
06-Aug-02	-0.75
05-Aug-02	0.26
02-Aug-02	0.99
01-Aug-02	0.26
31-Jul-02	-0.16
30-Jul-02	0.4
29-Jul-02	-0.3
26-Jul-02	-2.07
25-Jul-02	-0.55
24-Jul-02	-0.38
23-Jul-02	-3.37
22-Jul-02	-0.09
19-Jul-02	2.18
18-Jul-02	-0.13
17-Jul-02	0.06
16-Jul-02	-0.75
15-Jul-02	1.27
12-Jul-02	-0.5
11-Jul-02	0.79
10-Jul-02	-0.44
09-Jul-02	1.28
08-Jul-02	0.39
03-Jul-02	-0.61
02-Jul-02	-0.38
01-Jul-02	0.16
28-Jun-02	-1.79
27-Jun-02	-0.41
26-Jun-02	0.09
25-Jun-02	-1.26
24-Jun-02	-0.09
21-Jun-02	0.43
20-Jun-02	1.06
19-Jun-02	0.19
18-Jun-02	0.57
17-Jun-02	-0.53
14-Jun-02	0.44
13-Jun-02	-0.81
12-Jun-02	0.19
11-Jun-02	0.31
10-Jun-02	-1.82
07-Jun-02	-0.09
06-Jun-02	1.15
05-Jun-02	-2.01
04-Jun-02	0.34
03-Jun-02	0.06
31-May-02	0.31
30-May-02	0.03
29-May-02	0.46
28-May-02	1.09
24-May-02	-0.65
23-May-02	1.42
22-May-02	0.7
21-May-02	0.03
20-May-02	1.64
17-May-02	0.26
16-May-02	0.36
15-May-02	0.46
14-May-02	-1.06
13-May-02	-0.13
10-May-02	0.48
09-May-02	0.42
08-May-02	-1.09
07-May-02	0.13
06-May-02	-0.32
03-May-02	1.27
02-May-02	-0.26
01-May-02	0.06
30-Apr-02	-0.74
29-Apr-02	-0.13
26-Apr-02	1.14
25-Apr-02	1.25
24-Apr-02	0.1
23-Apr-02	0.33
22-Apr-02	0.23
19-Apr-02	-0.72
18-Apr-02	0.79
17-Apr-02	1.1
16-Apr-02	-0.4
15-Apr-02	-0.7
12-Apr-02	-0.03
11-Apr-02	0.17
10-Apr-02	0.97
09-Apr-02	-0.57
08-Apr-02	0.13
05-Apr-02	-0.33
04-Apr-02	-0.5
03-Apr-02	-1.08
02-Apr-02	0.89
01-Apr-02	0.2
28-Mar-02	2.02
26-Mar-02	-0.27
25-Mar-02	0.03
22-Mar-02	1.54
21-Mar-02	0.24
20-Mar-02	-0.24
19-Mar-02	0.24
18-Mar-02	0.76
15-Mar-02	-0.38
14-Mar-02	-0.89
13-Mar-02	0
12-Mar-02	0.86
11-Mar-02	0.34
08-Mar-02	0
07-Mar-02	-1.16
06-Mar-02	-0.17
05-Mar-02	-0.91
04-Mar-02	-0.44
01-Mar-02	0.44
28-Feb-02	0.14
27-Feb-02	-0.57
26-Feb-02	1.81
25-Feb-02	-0.17
22-Feb-02	0
21-Feb-02	0.31
20-Feb-02	-0.31
19-Feb-02	-1.74
15-Feb-02	-0.43
14-Feb-02	0.1
13-Feb-02	-0.43
12-Feb-02	0.2
11-Feb-02	-1.12
08-Feb-02	1.27
07-Feb-02	0.74
06-Feb-02	-0.23
05-Feb-02	3.08
04-Feb-02	1.15
01-Feb-02	1.38
31-Jan-02	0.07
30-Jan-02	0.18
29-Jan-02	1.11
28-Jan-02	-0.18
25-Jan-02	0.25
24-Jan-02	-0.18
23-Jan-02	-1.03
22-Jan-02	-0.57
18-Jan-02	-0.46
17-Jan-02	-1.01
16-Jan-02	1.02
15-Jan-02	-0.35
14-Jan-02	-0.7
11-Jan-02	0.1
10-Jan-02	1.31
09-Jan-02	1.61
08-Jan-02	0.11
07-Jan-02	-0.11
04-Jan-02	0.25
03-Jan-02	-0.25
02-Jan-02	0.07
31-Dec-01	0.8
28-Dec-01	-0.32
27-Dec-01	-0.82
26-Dec-01	0.61
21-Dec-01	0.72
20-Dec-01	0.18
19-Dec-01	-1.75
18-Dec-01	0.97
17-Dec-01	-0.11
14-Dec-01	1.5
13-Dec-01	0.04
12-Dec-01	0.59
11-Dec-01	0
10-Dec-01	-0.62
07-Dec-01	-0.11
06-Dec-01	0.18
05-Dec-01	-0.51
04-Dec-01	-0.65
03-Dec-01	1.1
30-Nov-01	0.15
29-Nov-01	-0.22
28-Nov-01	0.33
27-Nov-01	0.33
26-Nov-01	-0.22
21-Nov-01	-0.04
20-Nov-01	0.11
19-Nov-01	-0.73
16-Nov-01	-0.15
15-Nov-01	-0.97
14-Nov-01	0
13-Nov-01	-0.18
12-Nov-01	0.32
09-Nov-01	0.22
08-Nov-01	-1.49
07-Nov-01	0.46
06-Nov-01	0.43
05-Nov-01	-0.46
02-Nov-01	0.04
01-Nov-01	0.07
31-Oct-01	-0.39
30-Oct-01	0.54
29-Oct-01	0.43
26-Oct-01	0.04
25-Oct-01	0.69
24-Oct-01	-0.07
23-Oct-01	0.22
22-Oct-01	-1.64
19-Oct-01	0.32
18-Oct-01	-1.48
17-Oct-01	0.39
16-Oct-01	0.07
15-Oct-01	-0.98
12-Oct-01	0.96
11-Oct-01	-1.12
10-Oct-01	-1.21
09-Oct-01	-1.1
08-Oct-01	0.24
05-Oct-01	0.31
04-Oct-01	0
03-Oct-01	0.21
02-Oct-01	-0.79
01-Oct-01	-0.07
28-Sep-01	0.24
27-Sep-01	-0.55
26-Sep-01	0.96
25-Sep-01	0.28
24-Sep-01	-0.75
21-Sep-01	1
20-Sep-01	-0.86
19-Sep-01	1.18
18-Sep-01	-0.59
17-Sep-01	-0.14
14-Sep-01	6.85
11-Sep-01	0
10-Sep-01	-0.55
07-Sep-01	0.04
06-Sep-01	0.37
05-Sep-01	0.15
04-Sep-01	-1.02
31-Aug-01	-0.36
30-Aug-01	0.62
29-Aug-01	0.51
28-Aug-01	-0.11
27-Aug-01	0.04
24-Aug-01	-1.02
23-Aug-01	0.15
22-Aug-01	-0.04
21-Aug-01	-0.4
20-Aug-01	-1.15
17-Aug-01	1.49
16-Aug-01	-0.18
15-Aug-01	-0.22
14-Aug-01	0.22
13-Aug-01	0.66
10-Aug-01	0.18
09-Aug-01	2.05
08-Aug-01	0.26
07-Aug-01	0.04
06-Aug-01	-0.3
03-Aug-01	0.19
02-Aug-01	0
01-Aug-01	0.45
31-Jul-01	0.6
30-Jul-01	-1.05
27-Jul-01	0.45
26-Jul-01	-0.56
25-Jul-01	-0.74
24-Jul-01	0.33
23-Jul-01	-0.41
20-Jul-01	0.19
19-Jul-01	-0.37
18-Jul-01	0.86
17-Jul-01	0.45
16-Jul-01	-0.07
13-Jul-01	0.19
12-Jul-01	-0.63
11-Jul-01	0.79
10-Jul-01	-0.11
09-Jul-01	0.23
06-Jul-01	0.3
05-Jul-01	-0.93
03-Jul-01	-0.67
02-Jul-01	-0.44
29-Jun-01	0.48
28-Jun-01	-1.03
27-Jun-01	-1.48
26-Jun-01	0.91
25-Jun-01	0.51
22-Jun-01	-0.11
21-Jun-01	0.07
20-Jun-01	-0.37
19-Jun-01	0.37
18-Jun-01	0.44
15-Jun-01	-1.49
14-Jun-01	1.21
13-Jun-01	0.18
12-Jun-01	1.34
11-Jun-01	-2.01
08-Jun-01	2.78
07-Jun-01	0.11
06-Jun-01	0
05-Jun-01	-0.26
01-Jun-01	0.41
31-May-01	-0.15
30-May-01	-2.96
29-May-01	-1.48
25-May-01	-0.43
24-May-01	-1.59
23-May-01	-0.53
22-May-01	-0.11
21-May-01	-0.7
18-May-01	5.04
17-May-01	0.59
16-May-01	1.45
15-May-01	-0.07
14-May-01	0.15
11-May-01	-0.45
10-May-01	-0.33
09-May-01	1.85
08-May-01	-0.38
07-May-01	0
04-May-01	-0.08
03-May-01	0.34
02-May-01	0.38
01-May-01	0.15
30-Apr-01	0.04
27-Apr-01	-0.19
26-Apr-01	0.76
25-Apr-01	-0.64
24-Apr-01	0.15
23-Apr-01	-0.42
20-Apr-01	-0.19
19-Apr-01	1.53
18-Apr-01	0.08
17-Apr-01	-0.84
16-Apr-01	1.23
12-Apr-01	0.54
11-Apr-01	0.54
10-Apr-01	-0.39
09-Apr-01	-0.65
06-Apr-01	0.74
05-Apr-01	-0.12
04-Apr-01	0.62
03-Apr-01	0.47
02-Apr-01	-0.89
30-Mar-01	-0.35
29-Mar-01	-0.35
28-Mar-01	-0.5
27-Mar-01	-0.34
26-Mar-01	0.15
23-Mar-01	0.15
22-Mar-01	-0.31
21-Mar-01	0.54
20-Mar-01	0.27
19-Mar-01	0.66
16-Mar-01	-0.73
15-Mar-01	-0.95
14-Mar-01	-1.61
13-Mar-01	-1.77
12-Mar-01	0.3
09-Mar-01	2.03
08-Mar-01	1.53
07-Mar-01	0.58
06-Mar-01	-0.99
05-Mar-01	0.15
02-Mar-01	-1.17
01-Mar-01	-0.6
28-Feb-01	-0.22
27-Feb-01	0.6
26-Feb-01	1.88
23-Feb-01	0.93
22-Feb-01	0.12
21-Feb-01	0.82
20-Feb-01	-0.81
16-Feb-01	1.22
15-Feb-01	-1.66
14-Feb-01	-0.35
13-Feb-01	-0.15
12-Feb-01	0.31
09-Feb-01	-0.08
08-Feb-01	-1.03
07-Feb-01	-0.19
06-Feb-01	-0.72
05-Feb-01	-0.71
02-Feb-01	-0.52
01-Feb-01	1.09
31-Jan-01	0.04
30-Jan-01	1.03
29-Jan-01	0
26-Jan-01	-0.64
25-Jan-01	0.08
24-Jan-01	-0.68
23-Jan-01	-0.11
22-Jan-01	0.79
19-Jan-01	0.04
18-Jan-01	0.38
17-Jan-01	-0.04
16-Jan-01	-0.23
12-Jan-01	-0.04
11-Jan-01	-0.26
10-Jan-01	-1.05
09-Jan-01	-0.19
08-Jan-01	0
05-Jan-01	0.26
04-Jan-01	-0.26
03-Jan-01	-0.15
02-Jan-01	-1.32
29-Dec-00	0.11
28-Dec-00	-1.27
27-Dec-00	0.4
26-Dec-00	0.15
22-Dec-00	0
21-Dec-00	0.44
20-Dec-00	1.04
19-Dec-00	0
18-Dec-00	-0.26
15-Dec-00	0.52
14-Dec-00	0.15
13-Dec-00	-0.63
12-Dec-00	0.04
11-Dec-00	-0.73
08-Dec-00	-0.37
07-Dec-00	-0.4
06-Dec-00	1.44
05-Dec-00	-0.11
04-Dec-00	0.74
01-Dec-00	-0.52
30-Nov-00	1.39
29-Nov-00	-1.26
28-Nov-00	-0.11
27-Nov-00	1.43
22-Nov-00	0.23
21-Nov-00	-0.23
20-Nov-00	0.23
17-Nov-00	-0.04
16-Nov-00	0.26
15-Nov-00	0.08
14-Nov-00	0.23
13-Nov-00	-0.08
10-Nov-00	-0.49
09-Nov-00	0.3
08-Nov-00	0.26
07-Nov-00	-0.08
06-Nov-00	-0.04
03-Nov-00	0.08
02-Nov-00	0.19
01-Nov-00	-0.38
31-Oct-00	0.23
30-Oct-00	-0.04
27-Oct-00	-0.19
26-Oct-00	-0.49
25-Oct-00	-1.44
24-Oct-00	0
23-Oct-00	-0.41
20-Oct-00	0.41
19-Oct-00	-0.07
18-Oct-00	-0.3
17-Oct-00	-0.15
16-Oct-00	-0.33
13-Oct-00	-1.45
12-Oct-00	2.18
11-Oct-00	-0.7
10-Oct-00	0.85
09-Oct-00	0.3
06-Oct-00	-0.48
05-Oct-00	0.11
04-Oct-00	-0.48
03-Oct-00	-0.55
02-Oct-00	-0.18
29-Sep-00	-0.73
28-Sep-00	-1.01
27-Sep-00	1.64
26-Sep-00	-0.07
25-Sep-00	0.85
22-Sep-00	0.55
21-Sep-00	0.48
20-Sep-00	-1.07
19-Sep-00	0.18
18-Sep-00	-0.33
15-Sep-00	-0.04
14-Sep-00	-0.15
13-Sep-00	-0.04
12-Sep-00	-0.07
11-Sep-00	-0.07
08-Sep-00	-0.26
07-Sep-00	-0.07
06-Sep-00	-0.58
05-Sep-00	-0.43
01-Sep-00	-0.47
31-Aug-00	1.61
30-Aug-00	0.18
29-Aug-00	-0.22
28-Aug-00	-0.04
25-Aug-00	0.44
24-Aug-00	0.66
23-Aug-00	-0.88
22-Aug-00	-0.58
21-Aug-00	-0.61
18-Aug-00	-0.32
17-Aug-00	0.14
16-Aug-00	0.98
15-Aug-00	0.07
14-Aug-00	-0.25
11-Aug-00	1.14
10-Aug-00	0.15
09-Aug-00	-0.44
08-Aug-00	-0.11
07-Aug-00	0.18
04-Aug-00	-0.29
03-Aug-00	-1.12
02-Aug-00	-0.14
01-Aug-00	0.04
31-Jul-00	-0.32
28-Jul-00	-0.32
27-Jul-00	-0.29
26-Jul-00	0.18
25-Jul-00	0.04
24-Jul-00	-0.46
21-Jul-00	0.11
20-Jul-00	0.29
19-Jul-00	-1.24
18-Jul-00	-0.32
17-Jul-00	0.82
14-Jul-00	0.39
13-Jul-00	-0.14
12-Jul-00	-0.64
11-Jul-00	-0.49
10-Jul-00	0.14
07-Jul-00	0
06-Jul-00	-0.25
05-Jul-00	-2.14
30-Jun-00	0.28
29-Jun-00	-1.09
28-Jun-00	2.42
27-Jun-00	0.71
26-Jun-00	0.32
23-Jun-00	-0.84
22-Jun-00	-0.24
21-Jun-00	0.03
20-Jun-00	0.04
19-Jun-00	-1.07
16-Jun-00	-0.31
15-Jun-00	-0.69
14-Jun-00	2.14
13-Jun-00	-0.35
12-Jun-00	1.02
09-Jun-00	-0.14
08-Jun-00	-1.11
07-Jun-00	-0.62
06-Jun-00	1.26
05-Jun-00	1.42
02-Jun-00	3.27
01-Jun-00	0.29
31-May-00	-0.22
30-May-00	0.04
26-May-00	0.63
25-May-00	-1.1
24-May-00	-0.33
23-May-00	-0.51
22-May-00	0.62
19-May-00	0.4
18-May-00	-0.04
17-May-00	-0.87
16-May-00	-0.04
15-May-00	-0.14
12-May-00	0.15
11-May-00	-0.76
10-May-00	0.25
09-May-00	0.22
08-May-00	-0.75
05-May-00	-0.39
04-May-00	0.76
03-May-00	0.76
02-May-00	0.81
01-May-00	0.04
28-Apr-00	-1.34
27-Apr-00	0.47
26-Apr-00	-0.93
25-Apr-00	-0.47
24-Apr-00	-0.11
20-Apr-00	-0.29
19-Apr-00	-0.18
18-Apr-00	-0.39
17-Apr-00	-0.18
14-Apr-00	0.53
13-Apr-00	-0.04
12-Apr-00	0
11-Apr-00	-0.07
10-Apr-00	0.57
07-Apr-00	-0.04
06-Apr-00	-0.39
05-Apr-00	-1.02
04-Apr-00	2.27
03-Apr-00	-0.29
31-Mar-00	0.83
30-Mar-00	0.11
29-Mar-00	-1.22
28-Mar-00	-0.32
27-Mar-00	-1.62
24-Mar-00	-0.07
23-Mar-00	-1.01
22-Mar-00	-0.69
21-Mar-00	1.47
20-Mar-00	0.53
17-Mar-00	-0.7
16-Mar-00	-0.9
15-Mar-00	0.14
14-Mar-00	-0.62
13-Mar-00	0.52
10-Mar-00	-0.89
09-Mar-00	0.8
08-Mar-00	-1.13
07-Mar-00	1.49
06-Mar-00	-0.31
03-Mar-00	0.21
02-Mar-00	-1.13
01-Mar-00	-0.31
29-Feb-00	-0.03
28-Feb-00	-0.17
25-Feb-00	-2.04
24-Feb-00	-0.43
23-Feb-00	-1.7
22-Feb-00	0.13
18-Feb-00	1.26
17-Feb-00	-0.36
16-Feb-00	0.27
15-Feb-00	-2.2
14-Feb-00	-0.84
11-Feb-00	-1.61
10-Feb-00	3.3
09-Feb-00	2.31
08-Feb-00	-0.89
07-Feb-00	-2.74
04-Feb-00	8.08
03-Feb-00	0.81
02-Feb-00	0.85
01-Feb-00	-0.25
31-Jan-00	0.07
28-Jan-00	-1.43
27-Jan-00	0.28
26-Jan-00	0
25-Jan-00	-0.49
24-Jan-00	-0.55
21-Jan-00	0.17
20-Jan-00	-0.35
19-Jan-00	0.42
18-Jan-00	1.66
14-Jan-00	-0.07
13-Jan-00	0.5
12-Jan-00	-0.25
11-Jan-00	0.6
10-Jan-00	-0.07
07-Jan-00	0.18
06-Jan-00	0.11
05-Jan-00	-0.57
04-Jan-00	-2.01
