Date	OilChange %
04-Jan-18	0.57
03-Jan-18	2.09
02-Jan-18	0.22
01-Jan-18	-0.3
29-Dec-17	0.97
28-Dec-17	0.34
27-Dec-17	-0.55
26-Dec-17	2.36
25-Dec-17	0.21
22-Dec-17	0.19
21-Dec-17	0.46
20-Dec-17	1.1
19-Dec-17	0.52
18-Dec-17	-0.24
15-Dec-17	0.46
14-Dec-17	0.78
13-Dec-17	-0.95
12-Dec-17	-1.47
11-Dec-17	1.1
08-Dec-17	1.18
07-Dec-17	1.3
06-Dec-17	-2.88
05-Dec-17	0.26
04-Dec-17	-1.53
01-Dec-17	1.67
30-Nov-17	0.17
29-Nov-17	-1.19
28-Nov-17	-0.21
27-Nov-17	-1.42
24-Nov-17	0.98
23-Nov-17	0.62
22-Nov-17	2.09
21-Nov-17	1.32
20-Nov-17	-0.81
17-Nov-17	2.56
16-Nov-17	-0.34
15-Nov-17	-0.66
14-Nov-17	-1.87
13-Nov-17	0.04
10-Nov-17	-0.75
09-Nov-17	0.63
08-Nov-17	-0.68
07-Nov-17	-0.26
06-Nov-17	3.07
03-Nov-17	2.02
02-Nov-17	0.44
01-Nov-17	-0.15
31-Oct-17	0.42
30-Oct-17	0.46
27-Oct-17	2.39
26-Oct-17	0.88
25-Oct-17	-0.55
24-Oct-17	1.1
23-Oct-17	0.84
20-Oct-17	0.35
19-Oct-17	-1.44
18-Oct-17	0.31
17-Oct-17	0.02
16-Oct-17	0.82
13-Oct-17	1.68
12-Oct-17	-1.36
11-Oct-17	0.75
10-Oct-17	2.7
09-Oct-17	0.59
06-Oct-17	-2.95
05-Oct-17	1.62
04-Oct-17	-0.87
03-Oct-17	-0.32
02-Oct-17	-2.11
29-Sep-17	0.21
28-Sep-17	-1.11
27-Sep-17	0.5
26-Sep-17	-0.65
25-Sep-17	3.08
22-Sep-17	0.22
21-Sep-17	0.28
20-Sep-17	1.88
19-Sep-17	-0.86
18-Sep-17	0.04
15-Sep-17	0
14-Sep-17	1.2
13-Sep-17	2.22
12-Sep-17	0.33
11-Sep-17	1.24
08-Sep-17	-3.28
07-Sep-17	-0.14
06-Sep-17	1.03
05-Sep-17	2.64
04-Sep-17	0.19
03-Sep-17	0.06
01-Sep-17	0.13
31-Aug-17	2.76
30-Aug-17	-1.03
29-Aug-17	-0.28
28-Aug-17	-2.72
25-Aug-17	0.93
24-Aug-17	-2.02
23-Aug-17	1.62
22-Aug-17	0.57
21-Aug-17	-2.35
18-Aug-17	3.02
17-Aug-17	0.66
16-Aug-17	-1.62
15-Aug-17	-0.08
14-Aug-17	-2.52
11-Aug-17	0.47
10-Aug-17	-1.96
09-Aug-17	0.79
08-Aug-17	-0.45
07-Aug-17	-0.38
04-Aug-17	1.12
03-Aug-17	-1.13
02-Aug-17	0.87
01-Aug-17	-2.01
31-Jul-17	0.93
28-Jul-17	1.37
27-Jul-17	0.59
26-Jul-17	1.8
25-Jul-17	3.34
24-Jul-17	1.25
21-Jul-17	-2.18
20-Jul-17	-0.7
19-Jul-17	1.55
18-Jul-17	0.83
17-Jul-17	-1.12
14-Jul-17	1
13-Jul-17	1.3
12-Jul-17	1
11-Jul-17	1.44
10-Jul-17	0.38
07-Jul-17	-2.83
06-Jul-17	0.86
05-Jul-17	-4.24
04-Jul-17	0.13
03-Jul-17	2.24
30-Jun-17	2.47
29-Jun-17	0.42
28-Jun-17	1.13
27-Jun-17	1.98
26-Jun-17	0.86
23-Jun-17	0.63
22-Jun-17	0.49
21-Jun-17	-1.62
20-Jun-17	-2.19
19-Jun-17	-1.21
16-Jun-17	0.63
15-Jun-17	-0.6
14-Jun-17	-3.72
13-Jun-17	0.82
12-Jun-17	0.55
09-Jun-17	0.42
08-Jun-17	-0.17
07-Jun-17	-5.13
06-Jun-17	1.67
05-Jun-17	-0.55
02-Jun-17	-1.45
01-Jun-17	0.08
31-May-17	-2.7
30-May-17	-0.62
29-May-17	0.06
28-May-17	0.28
26-May-17	1.84
25-May-17	-4.79
24-May-17	-0.21
23-May-17	1.46
22-May-17	0.79
19-May-17	1.99
18-May-17	0.57
17-May-17	0.84
16-May-17	-0.39
15-May-17	2.11
12-May-17	0.02
11-May-17	1.06
10-May-17	3.16
09-May-17	-1.18
08-May-17	0.45
05-May-17	1.54
04-May-17	-4.81
03-May-17	0.34
02-May-17	-2.42
01-May-17	-0.99
28-Apr-17	0.74
27-Apr-17	-1.31
26-Apr-17	0.12
25-Apr-17	0.67
24-Apr-17	-0.79
21-Apr-17	-1.29
20-Apr-17	-0.34
19-Apr-17	-3.76
18-Apr-17	-0.46
17-Apr-17	-1
13-Apr-17	0.13
12-Apr-17	-0.54
11-Apr-17	0.6
10-Apr-17	1.61
07-Apr-17	1.04
06-Apr-17	1.08
05-Apr-17	0.24
04-Apr-17	1.57
03-Apr-17	-0.71
31-Mar-17	0.5
30-Mar-17	1.7
29-Mar-17	2.36
28-Mar-17	1.34
27-Mar-17	-0.5
24-Mar-17	0.57
23-Mar-17	-0.71
22-Mar-17	1.48
21-Mar-17	-1.82
20-Mar-17	-1.15
17-Mar-17	0.06
16-Mar-17	-0.23
15-Mar-17	2.39
14-Mar-17	-1.4
13-Mar-17	-0.19
10-Mar-17	-1.6
09-Mar-17	-1.99
08-Mar-17	-5.38
07-Mar-17	-0.11
06-Mar-17	-0.24
03-Mar-17	1.37
02-Mar-17	-2.27
01-Mar-17	-0.33
28-Feb-17	-0.07
27-Feb-17	0.11
24-Feb-17	-0.84
23-Feb-17	1.6
22-Feb-17	-0.87
21-Feb-17	0.17
20-Feb-17	0.33
19-Feb-17	0.73
17-Feb-17	0.07
16-Feb-17	0.47
15-Feb-17	-0.17
14-Feb-17	0.51
13-Feb-17	-1.73
10-Feb-17	1.62
09-Feb-17	1.26
08-Feb-17	0.33
07-Feb-17	-1.58
06-Feb-17	-1.52
03-Feb-17	0.54
02-Feb-17	-0.63
01-Feb-17	2.03
31-Jan-17	0.34
30-Jan-17	-1.02
27-Jan-17	-1.13
26-Jan-17	1.95
25-Jan-17	-0.81
24-Jan-17	0.82
23-Jan-17	0.63
20-Jan-17	2.04
19-Jan-17	0.57
18-Jan-17	-2.67
17-Jan-17	-0.08
16-Jan-17	0.13
15-Jan-17	0.15
13-Jan-17	-1.21
12-Jan-17	1.45
11-Jan-17	2.81
10-Jan-17	-2.19
09-Jan-17	-3.76
06-Jan-17	0.43
05-Jan-17	0.94
04-Jan-17	1.78
03-Jan-17	-3.15
02-Jan-17	0.58
30-Dec-16	-0.09
29-Dec-16	-0.54
28-Dec-16	0.3
27-Dec-16	1.33
26-Dec-16	0.32
23-Dec-16	0.13
22-Dec-16	0.88
21-Dec-16	0.5
20-Dec-16	0.21
19-Dec-16	0.42
16-Dec-16	1.96
15-Dec-16	-0.27
14-Dec-16	-3.66
13-Dec-16	0.28
12-Dec-16	2.58
09-Dec-16	1.3
08-Dec-16	2.15
07-Dec-16	-2.28
06-Dec-16	-1.66
05-Dec-16	0.21
02-Dec-16	1.21
01-Dec-16	3.28
30-Nov-16	9.31
29-Nov-16	-3.93
28-Nov-16	2.21
25-Nov-16	-4
24-Nov-16	0.04
23-Nov-16	-0.15
22-Nov-16	1.14
21-Nov-16	3.94
18-Nov-16	0.59
17-Nov-16	-0.33
16-Nov-16	-0.52
15-Nov-16	5.75
14-Nov-16	-0.21
11-Nov-16	-2.8
10-Nov-16	-1.35
09-Nov-16	0.64
08-Nov-16	0.2
07-Nov-16	1.86
04-Nov-16	-1.32
03-Nov-16	-1.5
02-Nov-16	-2.85
01-Nov-16	-0.41
31-Oct-16	-3.78
28-Oct-16	-2.05
27-Oct-16	1.1
26-Oct-16	-1.56
25-Oct-16	-1.11
24-Oct-16	-0.65
21-Oct-16	0.83
20-Oct-16	-2.27
19-Oct-16	2.6
18-Oct-16	0.7
17-Oct-16	-0.81
14-Oct-16	-0.18
13-Oct-16	0.52
12-Oct-16	-1.2
11-Oct-16	-1.09
10-Oct-16	3.09
07-Oct-16	-1.25
06-Oct-16	1.22
05-Oct-16	2.34
04-Oct-16	-0.25
03-Oct-16	1.18
30-Sep-16	0.86
29-Sep-16	1.66
28-Sep-16	5.33
27-Sep-16	-2.74
26-Sep-16	3.26
23-Sep-16	-3.97
22-Sep-16	2.16
21-Sep-16	4.37
20-Sep-16	0.32
19-Sep-16	0.63
16-Sep-16	-2
15-Sep-16	0.76
14-Sep-16	-2.94
13-Sep-16	-3
12-Sep-16	0.89
09-Sep-16	-3.65
08-Sep-16	4.66
07-Sep-16	1.49
06-Sep-16	-0.53
05-Sep-16	2.18
04-Sep-16	-0.74
02-Sep-16	2.97
01-Sep-16	-3.45
31-Aug-16	-3.56
30-Aug-16	-1.34
29-Aug-16	-1.39
26-Aug-16	0.65
25-Aug-16	1.2
24-Aug-16	-2.77
23-Aug-16	2.23
22-Aug-16	-3.03
19-Aug-16	0.62
18-Aug-16	3.06
17-Aug-16	0.45
16-Aug-16	1.84
15-Aug-16	2.81
12-Aug-16	2.3
11-Aug-16	4.27
10-Aug-16	-2.48
09-Aug-16	-0.58
08-Aug-16	2.92
05-Aug-16	-0.31
04-Aug-16	2.69
03-Aug-16	3.34
02-Aug-16	-1.37
01-Aug-16	-3.7
29-Jul-16	1.12
28-Jul-16	-1.86
27-Jul-16	-2.33
26-Jul-16	-0.49
25-Jul-16	-2.4
22-Jul-16	-1.25
21-Jul-16	-0.42
20-Jul-16	0.65
19-Jul-16	-1.3
18-Jul-16	-1.55
15-Jul-16	0.59
14-Jul-16	2.08
13-Jul-16	-4.38
12-Jul-16	4.56
11-Jul-16	-1.43
08-Jul-16	0.6
07-Jul-16	-4.83
06-Jul-16	1.78
05-Jul-16	-4.21
04-Jul-16	-0.73
03-Jul-16	0.04
01-Jul-16	1.37
30-Jun-16	-3.11
29-Jun-16	4.24
28-Jun-16	3.28
27-Jun-16	-2.75
24-Jun-16	-4.93
23-Jun-16	1.99
22-Jun-16	0.57
21-Jun-16	-1.05
20-Jun-16	2.9
17-Jun-16	3.83
16-Jun-16	-3.75
15-Jun-16	-0.99
14-Jun-16	-0.8
13-Jun-16	-0.39
10-Jun-16	-2.95
09-Jun-16	-1.31
08-Jun-16	1.73
07-Jun-16	1.35
06-Jun-16	2.2
03-Jun-16	-1.12
02-Jun-16	0.33
01-Jun-16	-0.18
31-May-16	-0.83
30-May-16	-0.14
29-May-16	0.51
27-May-16	-0.3
26-May-16	-0.16
25-May-16	1.93
24-May-16	1.12
23-May-16	0.69
20-May-16	-0.85
19-May-16	-0.06
18-May-16	-0.25
17-May-16	1.24
16-May-16	3.27
13-May-16	-1.05
12-May-16	1.02
11-May-16	3.52
10-May-16	2.81
09-May-16	-2.73
06-May-16	0.77
05-May-16	1.23
04-May-16	0.3
03-May-16	-2.52
02-May-16	-2.48
29-Apr-16	-0.24
28-Apr-16	1.54
27-Apr-16	2.93
26-Apr-16	3.28
25-Apr-16	-2.49
22-Apr-16	1.27
21-Apr-16	1.29
20-Apr-16	3.77
19-Apr-16	3.27
18-Apr-16	-1.44
15-Apr-16	-2.75
14-Apr-16	-0.62
13-Apr-16	-0.97
12-Apr-16	4.48
11-Apr-16	1.61
08-Apr-16	6.6
07-Apr-16	-1.3
06-Apr-16	5.18
05-Apr-16	0.53
04-Apr-16	-2.96
01-Apr-16	-4.04
31-Mar-16	0.05
30-Mar-16	0.1
29-Mar-16	-2.82
28-Mar-16	-0.18
24-Mar-16	-0.83
23-Mar-16	-4
22-Mar-16	3.86
21-Mar-16	1.19
18-Mar-16	-1.89
17-Mar-16	4.52
16-Mar-16	5.83
15-Mar-16	-2.26
14-Mar-16	-3.43
11-Mar-16	1.74
10-Mar-16	-1.18
09-Mar-16	4.9
08-Mar-16	-3.69
07-Mar-16	5.51
04-Mar-16	3.91
03-Mar-16	-0.26
02-Mar-16	0.76
01-Mar-16	1.93
29-Feb-16	2.96
26-Feb-16	-0.88
25-Feb-16	2.86
24-Feb-16	0.88
23-Feb-16	1.24
22-Feb-16	6.21
19-Feb-16	-3.67
18-Feb-16	0.36
17-Feb-16	5.58
16-Feb-16	-5.11
15-Feb-16	5.26
14-Feb-16	-1.24
12-Feb-16	12.32
11-Feb-16	-4.52
10-Feb-16	-1.75
09-Feb-16	-5.89
08-Feb-16	-3.88
05-Feb-16	-2.62
04-Feb-16	-1.73
03-Feb-16	8.03
02-Feb-16	-5.5
01-Feb-16	-5.95
29-Jan-16	1.2
28-Jan-16	2.85
27-Jan-16	2.7
26-Jan-16	3.66
25-Jan-16	-5.75
22-Jan-16	9.01
21-Jan-16	11.22
20-Jan-16	-6.71
19-Jan-16	-5.21
18-Jan-16	0.94
17-Jan-16	1.1
15-Jan-16	-5.71
14-Jan-16	2.36
13-Jan-16	0.13
12-Jan-16	-3.09
11-Jan-16	-5.28
08-Jan-16	-0.33
07-Jan-16	-2.06
06-Jan-16	-5.56
05-Jan-16	-2.15
04-Jan-16	-0.76
31-Dec-15	1.2
30-Dec-15	-3.35
29-Dec-15	2.88
28-Dec-15	-3.39
24-Dec-15	1.6
23-Dec-15	3.76
22-Dec-15	4.03
21-Dec-15	0.03
18-Dec-15	-0.63
17-Dec-15	-1.6
16-Dec-15	-4.9
15-Dec-15	2.86
14-Dec-15	1.94
11-Dec-15	-3.1
10-Dec-15	-1.08
09-Dec-15	-0.93
08-Dec-15	-0.37
07-Dec-15	-5.8
04-Dec-15	-2.7
03-Dec-15	2.85
02-Dec-15	-4.56
01-Dec-15	0.48
30-Nov-15	-0.14
27-Nov-15	-2.07
26-Nov-15	-1.05
25-Nov-15	0.4
24-Nov-15	2.68
23-Nov-15	3.37
20-Nov-15	-0.37
19-Nov-15	-0.52
18-Nov-15	0.2
17-Nov-15	-2.56
16-Nov-15	2.45
13-Nov-15	-2.42
12-Nov-15	-2.75
11-Nov-15	-2.9
10-Nov-15	0.78
09-Nov-15	-0.95
06-Nov-15	-2.01
05-Nov-15	-2.42
04-Nov-15	-3.3
03-Nov-15	3.81
02-Nov-15	-0.97
30-Oct-15	1.15
29-Oct-15	0.26
28-Oct-15	6.34
27-Oct-15	-1.77
26-Oct-15	-1.39
23-Oct-15	-1.72
22-Oct-15	0.4
21-Oct-15	-0.77
20-Oct-15	-0.74
19-Oct-15	-2.9
16-Oct-15	1.9
15-Oct-15	-0.56
14-Oct-15	-0.04
13-Oct-15	-0.93
12-Oct-15	-5.1
09-Oct-15	0.4
08-Oct-15	3.39
07-Oct-15	-1.48
06-Oct-15	4.91
05-Oct-15	1.58
02-Oct-15	1.79
01-Oct-15	-0.78
30-Sep-15	-0.31
29-Sep-15	1.8
28-Sep-15	-2.78
25-Sep-15	1.76
24-Sep-15	0.97
23-Sep-15	-2.95
22-Sep-15	-1.82
21-Sep-15	4.48
18-Sep-15	-4.73
17-Sep-15	-0.53
16-Sep-15	5.74
15-Sep-15	1.34
14-Sep-15	-1.41
11-Sep-15	-2.81
10-Sep-15	4.01
09-Sep-15	-3.9
08-Sep-15	2.77
07-Sep-15	-2.23
06-Sep-15	-0.72
04-Sep-15	-1.5
03-Sep-15	1.08
02-Sep-15	1.85
01-Sep-15	-7.7
31-Aug-15	8.8
28-Aug-15	6.25
27-Aug-15	10.26
26-Aug-15	-1.81
25-Aug-15	2.8
24-Aug-15	-5.46
21-Aug-15	-1.68
20-Aug-15	0.83
19-Aug-15	-4.27
18-Aug-15	1.79
17-Aug-15	-1.48
14-Aug-15	0.64
13-Aug-15	-2.47
12-Aug-15	0.51
11-Aug-15	-4.18
10-Aug-15	2.48
07-Aug-15	-1.77
06-Aug-15	-1.09
05-Aug-15	-1.29
04-Aug-15	1.26
03-Aug-15	-4.14
31-Jul-15	-2.89
30-Jul-15	-0.55
29-Jul-15	1.69
28-Jul-15	1.24
27-Jul-15	-1.56
24-Jul-15	-0.64
23-Jul-15	-1.5
22-Jul-15	-2.32
21-Jul-15	0.42
20-Jul-15	-1.45
17-Jul-15	-0.04
16-Jul-15	-0.97
15-Jul-15	-3.07
14-Jul-15	1.61
13-Jul-15	-1.02
10-Jul-15	-0.08
09-Jul-15	2.19
08-Jul-15	-1.3
07-Jul-15	-0.38
06-Jul-15	-5.39
03-Jul-15	-2.48
02-Jul-15	-0.05
01-Jul-15	-4.22
30-Jun-15	1.95
29-Jun-15	-2.18
26-Jun-15	-0.12
25-Jun-15	-0.95
24-Jun-15	-1.21
23-Jun-15	2.23
22-Jun-15	0.12
19-Jun-15	-1.39
18-Jun-15	0.88
17-Jun-15	-0.08
16-Jun-15	0.76
15-Jun-15	-0.73
12-Jun-15	-1.33
11-Jun-15	-1.07
10-Jun-15	2.14
09-Jun-15	3.44
08-Jun-15	-1.67
05-Jun-15	1.95
04-Jun-15	-2.75
03-Jun-15	-2.64
02-Jun-15	1.76
01-Jun-15	-0.17
29-May-15	4.54
28-May-15	0.3
27-May-15	-0.9
26-May-15	-3.03
25-May-15	-0.12
24-May-15	0.33
22-May-15	-1.65
21-May-15	2.95
20-May-15	3
19-May-15	-3.65
18-May-15	-0.44
15-May-15	-0.32
14-May-15	-1.02
13-May-15	-0.41
12-May-15	2.53
11-May-15	-0.24
08-May-15	0.76
07-May-15	-3.27
06-May-15	0.88
05-May-15	2.49
04-May-15	-0.37
01-May-15	-0.8
30-Apr-15	1.79
29-Apr-15	2.66
28-Apr-15	0.12
27-Apr-15	-0.28
24-Apr-15	-1.02
23-Apr-15	2.81
22-Apr-15	1.63
21-Apr-15	-1.99
20-Apr-15	1.15
17-Apr-15	-1.71
16-Apr-15	0.57
15-Apr-15	5.82
14-Apr-15	2.66
13-Apr-15	0.52
10-Apr-15	1.67
09-Apr-15	0.73
08-Apr-15	-6.6
07-Apr-15	3.53
06-Apr-15	6.11
03-Apr-15	0
02-Apr-15	-1.9
01-Apr-15	5.23
31-Mar-15	-2.22
30-Mar-15	-0.39
27-Mar-15	-4.98
26-Mar-15	4.51
25-Mar-15	3.58
24-Mar-15	0.13
23-Mar-15	3.78
20-Mar-15	4
19-Mar-15	-1.57
18-Mar-15	2.76
17-Mar-15	-0.96
16-Mar-15	-2.14
13-Mar-15	-4.7
12-Mar-15	-2.33
11-Mar-15	-0.25
10-Mar-15	-3.42
09-Mar-15	0.79
06-Mar-15	-2.27
05-Mar-15	-1.49
04-Mar-15	2
03-Mar-15	1.88
02-Mar-15	-0.34
27-Feb-15	3.3
26-Feb-15	-5.53
25-Feb-15	3.47
24-Feb-15	-0.34
23-Feb-15	-1.77
20-Feb-15	-1.6
19-Feb-15	-1.88
18-Feb-15	-2.6
17-Feb-15	-0.15
16-Feb-15	-0.82
15-Feb-15	2.42
13-Feb-15	3.07
12-Feb-15	4.85
11-Feb-15	-2.36
10-Feb-15	-5.37
09-Feb-15	2.26
06-Feb-15	2.4
05-Feb-15	4.19
04-Feb-15	-8.67
03-Feb-15	7.02
02-Feb-15	2.76
30-Jan-15	8.33
29-Jan-15	0.18
28-Jan-15	-3.85
27-Jan-15	2.39
26-Jan-15	-0.97
23-Jan-15	-1.55
22-Jan-15	-3.08
21-Jan-15	3
20-Jan-15	-2.91
19-Jan-15	-2.18
18-Jan-15	0.32
16-Jan-15	5.28
15-Jan-15	-4.6
14-Jan-15	5.64
13-Jan-15	-0.39
12-Jan-15	-4.74
09-Jan-15	-0.88
08-Jan-15	0.29
07-Jan-15	1.5
06-Jan-15	-4.22
05-Jan-15	-5.03
02-Jan-15	-3.44
01-Jan-15	2.43
31-Dec-14	-1.57
30-Dec-14	0.95
29-Dec-14	-2.05
26-Dec-14	-2.13
25-Dec-14	0.14
24-Dec-14	-2.24
23-Dec-14	3.37
22-Dec-14	-2.23
19-Dec-14	4.45
18-Dec-14	-4.18
17-Dec-14	0.97
16-Dec-14	0.04
15-Dec-14	-3.29
12-Dec-14	-3.57
11-Dec-14	-1.62
10-Dec-14	-4.51
09-Dec-14	1.22
08-Dec-14	-4.24
05-Dec-14	-1.45
04-Dec-14	-0.85
03-Dec-14	0.75
02-Dec-14	-3.07
01-Dec-14	4.31
28-Nov-14	-3.5
27-Nov-14	-6.98
26-Nov-14	-0.54
25-Nov-14	-2.23
24-Nov-14	-0.95
21-Nov-14	1.23
20-Nov-14	1.34
19-Nov-14	-0.04
18-Nov-14	-1.36
17-Nov-14	-0.24
14-Nov-14	2.17
13-Nov-14	-3.85
12-Nov-14	-0.98
11-Nov-14	0.7
10-Nov-14	-1.59
07-Nov-14	0.95
06-Nov-14	-0.98
05-Nov-14	1.93
04-Nov-14	-2.02
03-Nov-14	-2.19
31-Oct-14	-0.71
30-Oct-14	-1.31
29-Oct-14	0.96
28-Oct-14	0.52
27-Oct-14	-0.01
24-Oct-14	-1.32
23-Oct-14	1.95
22-Oct-14	-2.77
21-Oct-14	0.12
20-Oct-14	-0.05
17-Oct-14	0.06
16-Oct-14	1.12
15-Oct-14	-0.07
14-Oct-14	-4.55
13-Oct-14	-0.09
10-Oct-14	0.06
09-Oct-14	-1.76
08-Oct-14	-1.73
07-Oct-14	-1.65
06-Oct-14	0.67
03-Oct-14	-1.4
02-Oct-14	0.31
01-Oct-14	-0.47
30-Sep-14	-3.61
29-Sep-14	1.1
26-Sep-14	1.09
25-Sep-14	-0.29
24-Sep-14	1.35
23-Sep-14	0.04
22-Sep-14	-0.96
19-Sep-14	-0.71
18-Sep-14	-1.43
17-Sep-14	-0.48
16-Sep-14	2.11
15-Sep-14	0.7
12-Sep-14	-0.6
11-Sep-14	1.27
10-Sep-14	-1.16
09-Sep-14	0.1
08-Sep-14	-0.68
05-Sep-14	-1.23
04-Sep-14	-1.14
03-Sep-14	2.86
02-Sep-14	-3.08
01-Sep-14	-0.14
29-Aug-14	1.49
28-Aug-14	0.71
27-Aug-14	0.02
26-Aug-14	0.55
25-Aug-14	-0.32
22-Aug-14	-0.33
21-Aug-14	-2.2
20-Aug-14	1.68
19-Aug-14	-2
18-Aug-14	-0.97
15-Aug-14	1.85
14-Aug-14	-2.06
13-Aug-14	0.23
12-Aug-14	-0.72
11-Aug-14	0.44
08-Aug-14	0.32
07-Aug-14	0.43
06-Aug-14	-0.47
05-Aug-14	-0.93
04-Aug-14	0.42
01-Aug-14	-0.3
31-Jul-14	-2.09
30-Jul-14	-0.69
29-Jul-14	-0.69
28-Jul-14	-0.41
25-Jul-14	0.02
24-Jul-14	-1.02
23-Jul-14	-1.24
22-Jul-14	-0.16
21-Jul-14	1.42
18-Jul-14	-0.06
17-Jul-14	1.97
16-Jul-14	1.24
15-Jul-14	-0.94
14-Jul-14	0.08
11-Jul-14	-2.04
10-Jul-14	0.63
09-Jul-14	-1.07
08-Jul-14	-0.13
07-Jul-14	-0.22
04-Jul-14	-0.29
03-Jul-14	-0.4
02-Jul-14	-0.82
01-Jul-14	-0.03
30-Jun-14	-0.35
27-Jun-14	-0.09
26-Jun-14	-0.62
25-Jun-14	0.44
24-Jun-14	-0.13
23-Jun-14	-1.02
20-Jun-14	0.78
19-Jun-14	0.43
18-Jun-14	-0.37
17-Jun-14	-0.51
16-Jun-14	-0.01
13-Jun-14	0.36
12-Jun-14	2.04
11-Jun-14	0.05
10-Jun-14	-0.06
09-Jun-14	1.7
06-Jun-14	0.18
05-Jun-14	-0.16
04-Jun-14	-0.02
03-Jun-14	0.19
02-Jun-14	-0.23
30-May-14	-0.84
29-May-14	0.84
28-May-14	-1.34
27-May-14	-0.16
26-May-14	-0.07
23-May-14	0.59
22-May-14	-0.32
21-May-14	1.59
20-May-14	-0.17
19-May-14	0.58
16-May-14	0.51
15-May-14	-0.85
14-May-14	0.66
13-May-14	1.1
12-May-14	0.6
09-May-14	-0.27
08-May-14	-0.51
07-May-14	1.28
06-May-14	0.02
05-May-14	-0.28
02-May-14	0.34
01-May-14	-0.32
30-Apr-14	-1.52
29-Apr-14	0.44
28-Apr-14	0.24
25-Apr-14	-1.31
24-Apr-14	0.49
23-Apr-14	-0.68
22-Apr-14	-2.15
21-Apr-14	0.07
17-Apr-14	0.52
16-Apr-14	0.01
15-Apr-14	-0.29
14-Apr-14	0.3
11-Apr-14	0.33
10-Apr-14	-0.19
09-Apr-14	1.01
08-Apr-14	2.11
07-Apr-14	-0.69
04-Apr-14	0.85
03-Apr-14	0.67
02-Apr-14	-0.12
01-Apr-14	-1.81
31-Mar-14	-0.09
28-Mar-14	0.39
27-Mar-14	1.02
26-Mar-14	1.08
25-Mar-14	-0.41
24-Mar-14	0.14
21-Mar-14	0.03
20-Mar-14	-0.94
19-Mar-14	0.67
18-Mar-14	1.65
17-Mar-14	-0.82
14-Mar-14	0.7
13-Mar-14	0.21
12-Mar-14	-2.04
11-Mar-14	-1.08
10-Mar-14	-1.42
07-Mar-14	1
06-Mar-14	0.11
05-Mar-14	-1.82
04-Mar-14	-1.52
03-Mar-14	2.27
28-Feb-14	0.19
27-Feb-14	-0.19
26-Feb-14	0.75
25-Feb-14	-0.96
24-Feb-14	0.61
21-Feb-14	-0.7
20-Feb-14	-0.38
19-Feb-14	0.86
18-Feb-14	1.83
17-Feb-14	0.28
14-Feb-14	-0.05
13-Feb-14	-0.02
12-Feb-14	0.43
11-Feb-14	-0.12
10-Feb-14	0.18
07-Feb-14	2.09
06-Feb-14	0.47
05-Feb-14	0.2
04-Feb-14	0.79
03-Feb-14	-1.09
31-Jan-14	-0.75
30-Jan-14	0.89
29-Jan-14	-0.05
28-Jan-14	1.77
27-Jan-14	-0.95
24-Jan-14	-0.7
23-Jan-14	0.61
22-Jan-14	1.83
21-Jan-14	1.12
20-Jan-14	-0.46
17-Jan-14	0.44
16-Jan-14	-0.22
15-Jan-14	1.71
14-Jan-14	0.86
13-Jan-14	-0.99
10-Jan-14	1.16
09-Jan-14	-0.73
08-Jan-14	-1.43
07-Jan-14	0.26
06-Jan-14	-0.56
03-Jan-14	-1.55
02-Jan-14	-3.3
01-Jan-14	0.28
31-Dec-13	-0.88
30-Dec-13	-1.03
27-Dec-13	0.77
26-Dec-13	0.33
24-Dec-13	0.31
23-Dec-13	-0.41
20-Dec-13	0.56
19-Dec-13	0.99
18-Dec-13	0.6
17-Dec-13	-0.27
16-Dec-13	0.91
13-Dec-13	-0.92
12-Dec-13	0.06
11-Dec-13	-1.09
10-Dec-13	1.2
09-Dec-13	-0.32
06-Dec-13	0.28
05-Dec-13	0.19
04-Dec-13	1.21
03-Dec-13	2.37
02-Dec-13	1.19
29-Nov-13	0.48
28-Nov-13	-0.03
27-Nov-13	-1.47
26-Nov-13	-0.44
25-Nov-13	-0.79
22-Nov-13	-0.63
21-Nov-13	2.26
20-Nov-13	-0.01
19-Nov-13	0.33
18-Nov-13	-0.86
15-Nov-13	0.09
14-Nov-13	-0.13
13-Nov-13	0.9
12-Nov-13	-2.21
11-Nov-13	0.57
08-Nov-13	0.42
07-Nov-13	-0.63
06-Nov-13	1.53
05-Nov-13	-1.32
04-Nov-13	0.01
01-Nov-13	-1.84
31-Oct-13	-0.4
30-Oct-13	-1.46
29-Oct-13	-0.49
28-Oct-13	0.85
25-Oct-13	0.76
24-Oct-13	0.26
23-Oct-13	-0.96
22-Oct-13	-1.43
21-Oct-13	-1.58
18-Oct-13	0.14
17-Oct-13	-1.58
16-Oct-13	1.07
15-Oct-13	-1.17
14-Oct-13	0.38
11-Oct-13	-0.96
10-Oct-13	1.38
09-Oct-13	-1.82
08-Oct-13	0.45
07-Oct-13	-0.78
04-Oct-13	0.51
03-Oct-13	-0.76
02-Oct-13	2.02
01-Oct-13	-0.28
30-Sep-13	-0.52
27-Sep-13	-0.16
26-Sep-13	0.36
25-Sep-13	-0.46
24-Sep-13	-0.44
23-Sep-13	-1.04
20-Sep-13	-1.61
19-Sep-13	-1.55
18-Sep-13	2.51
17-Sep-13	-1.1
16-Sep-13	-1.5
13-Sep-13	-0.36
12-Sep-13	0.97
11-Sep-13	0.16
10-Sep-13	-1.94
09-Sep-13	-0.91
06-Sep-13	1.99
05-Sep-13	1.06
04-Sep-13	-1.21
03-Sep-13	1.68
02-Sep-13	-0.84
30-Aug-13	-1.06
29-Aug-13	-1.18
28-Aug-13	1
27-Aug-13	2.92
26-Aug-13	-0.47
23-Aug-13	1.32
22-Aug-13	1.14
21-Aug-13	-1.07
20-Aug-13	-1.99
19-Aug-13	-0.34
16-Aug-13	0.12
15-Aug-13	0.45
14-Aug-13	0.02
13-Aug-13	0.68
12-Aug-13	0.13
09-Aug-13	2.49
08-Aug-13	-0.93
07-Aug-13	-0.88
06-Aug-13	-1.18
05-Aug-13	-0.36
02-Aug-13	-0.88
01-Aug-13	2.72
31-Jul-13	1.89
30-Jul-13	-1.41
29-Jul-13	-0.14
26-Jul-13	-0.75
25-Jul-13	0.09
24-Jul-13	-1.72
23-Jul-13	0.3
22-Jul-13	-1.06
19-Jul-13	0.01
18-Jul-13	1.47
17-Jul-13	0.45
16-Jul-13	-0.3
15-Jul-13	0.35
12-Jul-13	0.99
11-Jul-13	-1.51
10-Jul-13	2.89
09-Jul-13	0.38
08-Jul-13	-0.08
05-Jul-13	1.79
04-Jul-13	0.16
03-Jul-13	1.65
02-Jul-13	1.64
01-Jul-13	1.48
28-Jun-13	-0.5
27-Jun-13	1.62
26-Jun-13	0.19
25-Jun-13	0.15
24-Jun-13	1.59
21-Jun-13	-1.79
20-Jun-13	-2.89
19-Jun-13	-0.2
18-Jun-13	0.69
17-Jun-13	-0.08
14-Jun-13	1.2
13-Jun-13	0.84
12-Jun-13	0.52
11-Jun-13	-0.41
10-Jun-13	-0.27
07-Jun-13	1.34
06-Jun-13	1.09
05-Jun-13	0.46
04-Jun-13	-0.15
03-Jun-13	1.61
31-May-13	-1.75
30-May-13	0.52
29-May-13	-1.98
28-May-13	1.25
27-May-13	-0.33
24-May-13	-0.11
23-May-13	-0.03
22-May-13	-1.96
21-May-13	-0.57
20-May-13	0.72
17-May-13	0.9
16-May-13	0.91
15-May-13	0.1
14-May-13	-1.01
13-May-13	-0.91
10-May-13	-0.36
09-May-13	-0.24
08-May-13	1.05
07-May-13	-0.56
06-May-13	0.58
03-May-13	1.72
02-May-13	3.25
01-May-13	-2.6
30-Apr-13	-1.1
29-Apr-13	1.61
26-Apr-13	-0.68
25-Apr-13	2.42
24-Apr-13	2.52
23-Apr-13	0.47
22-Apr-13	0.85
19-Apr-13	0.32
18-Apr-13	1.21
17-Apr-13	-2.3
16-Apr-13	0.01
15-Apr-13	-2.83
12-Apr-13	-2.37
11-Apr-13	-1.19
10-Apr-13	0.47
09-Apr-13	0.9
08-Apr-13	0.71
05-Apr-13	-0.6
04-Apr-13	-1.26
03-Apr-13	-2.82
02-Apr-13	0.12
01-Apr-13	-0.16
28-Mar-13	0.67
27-Mar-13	0.25
26-Mar-13	1.61
25-Mar-13	1.17
22-Mar-13	1.36
21-Mar-13	-0.55
20-Mar-13	0.87
19-Mar-13	-1.69
18-Mar-13	0.31
15-Mar-13	0.45
14-Mar-13	0.55
13-Mar-13	-0.02
12-Mar-13	0.52
11-Mar-13	0.12
08-Mar-13	0.43
07-Mar-13	1.25
06-Mar-13	-0.43
05-Mar-13	0.78
04-Mar-13	-0.62
01-Mar-13	-1.49
28-Feb-13	-0.77
27-Feb-13	0.14
26-Feb-13	-0.52
25-Feb-13	-0.02
22-Feb-13	0.31
21-Feb-13	-1.72
20-Feb-13	-2.28
19-Feb-13	0.83
15-Feb-13	-1.49
14-Feb-13	0.31
13-Feb-13	-0.51
12-Feb-13	0.49
11-Feb-13	1.37
08-Feb-13	-0.11
07-Feb-13	-0.82
06-Feb-13	-0.02
05-Feb-13	0.49
04-Feb-13	-1.64
01-Feb-13	0.29
31-Jan-13	-0.46
30-Jan-13	0.38
29-Jan-13	1.17
28-Jan-13	0.58
25-Jan-13	-0.07
24-Jan-13	0.76
23-Jan-13	-1.05
22-Jan-13	0.71
18-Jan-13	0.07
17-Jan-13	1.33
16-Jan-13	1.03
15-Jan-13	-0.91
14-Jan-13	0.62
11-Jan-13	-0.28
10-Jan-13	0.77
09-Jan-13	-0.05
08-Jan-13	-0.04
07-Jan-13	0.11
04-Jan-13	0.18
03-Jan-13	-0.21
02-Jan-13	1.42
31-Dec-12	1.12
28-Dec-12	-0.08
27-Dec-12	-0.12
26-Dec-12	2.67
24-Dec-12	-0.06
21-Dec-12	-1.63
20-Dec-12	0.69
19-Dec-12	1.8
18-Dec-12	0.84
17-Dec-12	0.54
14-Dec-12	0.98
13-Dec-12	-1.01
12-Dec-12	1.14
11-Dec-12	0.27
10-Dec-12	-0.43
07-Dec-12	-0.38
06-Dec-12	-1.84
05-Dec-12	-0.7
04-Dec-12	-0.66
03-Dec-12	0.2
30-Nov-12	0.95
29-Nov-12	1.83
28-Nov-12	-0.79
27-Nov-12	-0.64
26-Nov-12	-0.61
23-Nov-12	1.03
21-Nov-12	0.73
20-Nov-12	-2.83
19-Nov-12	3.01
16-Nov-12	1.43
15-Nov-12	-1.01
14-Nov-12	1.1
13-Nov-12	-0.22
12-Nov-12	-0.58
09-Nov-12	1.15
08-Nov-12	0.77
07-Nov-12	-4.81
06-Nov-12	3.57
05-Nov-12	0.93
02-Nov-12	-2.56
01-Nov-12	0.99
31-Oct-12	0.65
30-Oct-12	0.16
29-Oct-12	-0.86
26-Oct-12	0.27
25-Oct-12	0.37
24-Oct-12	-1.08
23-Oct-12	-2.32
22-Oct-12	-1.47
19-Oct-12	-2.23
18-Oct-12	-0.02
17-Oct-12	0.03
16-Oct-12	0.26
15-Oct-12	-0.01
12-Oct-12	-0.23
11-Oct-12	0.9
10-Oct-12	-1.23
09-Oct-12	3.43
08-Oct-12	-0.61
05-Oct-12	-2
04-Oct-12	4.05
03-Oct-12	-4.08
02-Oct-12	-0.64
01-Oct-12	0.31
28-Sep-12	0.37
27-Sep-12	2.08
26-Sep-12	-1.52
25-Sep-12	-0.61
24-Sep-12	-1.03
21-Sep-12	1.11
20-Sep-12	-0.12
19-Sep-12	-3.47
18-Sep-12	-1.38
17-Sep-12	-2.4
14-Sep-12	0.7
13-Sep-12	1.34
12-Sep-12	-0.16
11-Sep-12	0.65
10-Sep-12	0.12
07-Sep-12	0.93
06-Sep-12	0.18
05-Sep-12	0.06
04-Sep-12	-1.21
31-Aug-12	1.96
30-Aug-12	-0.91
29-Aug-12	-0.87
28-Aug-12	0.9
27-Aug-12	-0.71
24-Aug-12	-0.12
23-Aug-12	-1.02
22-Aug-12	0.6
21-Aug-12	0.74
20-Aug-12	-0.04
17-Aug-12	0.43
16-Aug-12	1.35
15-Aug-12	0.96
14-Aug-12	0.75
13-Aug-12	-0.15
10-Aug-12	-0.52
09-Aug-12	0.01
08-Aug-12	-0.34
07-Aug-12	1.59
06-Aug-12	0.88
03-Aug-12	4.9
02-Aug-12	-2
01-Aug-12	0.97
31-Jul-12	-1.92
30-Jul-12	-0.39
27-Jul-12	0.83
26-Jul-12	0.47
25-Jul-12	0.53
24-Jul-12	0.41
23-Jul-12	-3.61
20-Jul-12	-1.32
19-Jul-12	3.1
18-Jul-12	0.73
17-Jul-12	0.89
16-Jul-12	1.53
13-Jul-12	1.18
12-Jul-12	0.31
11-Jul-12	2.26
10-Jul-12	-2.42
09-Jul-12	1.82
06-Jul-12	-3.18
05-Jul-12	-0.5
03-Jul-12	4.67
02-Jul-12	-1.42
29-Jun-12	9.36
28-Jun-12	-3.14
27-Jun-12	1.07
26-Jun-12	0.19
25-Jun-12	-0.69
22-Jun-12	1.99
21-Jun-12	-4.4
20-Jun-12	-2.65
19-Jun-12	0.91
18-Jun-12	-0.9
15-Jun-12	0.14
14-Jun-12	1.56
13-Jun-12	-0.84
12-Jun-12	0.75
11-Jun-12	-1.66
08-Jun-12	-0.85
07-Jun-12	-0.24
06-Jun-12	0.87
05-Jun-12	0.37
04-Jun-12	0.9
01-Jun-12	-3.81
31-May-12	-1.47
30-May-12	-3.24
29-May-12	-0.11
25-May-12	0.22
24-May-12	0.85
23-May-12	-1.92
22-May-12	-0.98
21-May-12	1.19
18-May-12	-1.17
17-May-12	-0.27
16-May-12	-1.24
15-May-12	-0.84
14-May-12	-1.4
11-May-12	-0.98
10-May-12	0.28
09-May-12	-0.21
08-May-12	-0.95
07-May-12	-0.56
04-May-12	-3.95
03-May-12	-2.55
02-May-12	-0.89
01-May-12	1.23
30-Apr-12	-0.06
27-Apr-12	0.36
26-Apr-12	0.41
25-Apr-12	0.55
24-Apr-12	0.43
23-Apr-12	0.06
20-Apr-12	0.76
19-Apr-12	-0.39
18-Apr-12	-1.47
17-Apr-12	1.23
16-Apr-12	0.1
13-Apr-12	-0.78
12-Apr-12	0.92
11-Apr-12	1.66
10-Apr-12	-1.41
09-Apr-12	-0.82
05-Apr-12	1.81
04-Apr-12	-2.44
03-Apr-12	-1.16
02-Apr-12	2.15
30-Mar-12	0.23
29-Mar-12	-2.5
28-Mar-12	-1.79
27-Mar-12	0.28
26-Mar-12	0.15
23-Mar-12	1.44
22-Mar-12	-1.79
21-Mar-12	1.57
20-Mar-12	-2.29
19-Mar-12	0.96
16-Mar-12	1.86
15-Mar-12	-0.3
14-Mar-12	-1.2
13-Mar-12	0.35
12-Mar-12	-0.99
09-Mar-12	0.77
08-Mar-12	0.4
07-Mar-12	1.39
06-Mar-12	-1.89
05-Mar-12	0.02
02-Mar-12	-1.97
01-Mar-12	1.65
29-Feb-12	0.49
28-Feb-12	-1.85
27-Feb-12	-1.1
24-Feb-12	1.8
23-Feb-12	1.46
22-Feb-12	0.42
21-Feb-12	2.52
17-Feb-12	0.91
16-Feb-12	0.5
15-Feb-12	1.05
14-Feb-12	-0.17
13-Feb-12	2.27
10-Feb-12	-1.17
09-Feb-12	1.14
08-Feb-12	0.3
07-Feb-12	1.55
06-Feb-12	-0.95
03-Feb-12	1.54
02-Feb-12	-1.28
01-Feb-12	-0.88
31-Jan-12	-0.3
30-Jan-12	-0.78
27-Jan-12	-0.14
26-Jan-12	0.3
25-Jan-12	0.45
24-Jan-12	-0.63
23-Jan-12	1.14
20-Jan-12	-1.92
19-Jan-12	-0.2
18-Jan-12	-0.12
17-Jan-12	2.04
13-Jan-12	-0.4
12-Jan-12	-1.75
11-Jan-12	-1.34
10-Jan-12	0.92
09-Jan-12	-0.25
06-Jan-12	-0.25
05-Jan-12	-1.37
04-Jan-12	0.25
03-Jan-12	4.18
30-Dec-11	-0.82
29-Dec-11	0.29
28-Dec-11	-1.95
27-Dec-11	1.67
23-Dec-11	0.15
22-Dec-11	0.87
21-Dec-11	1.49
20-Dec-11	3.56
19-Dec-11	0.37
16-Dec-11	-0.36
15-Dec-11	-1.14
14-Dec-11	-5.18
13-Dec-11	2.42
12-Dec-11	-1.65
09-Dec-11	1.09
08-Dec-11	-2.14
07-Dec-11	-0.78
06-Dec-11	0.29
05-Dec-11	0.03
02-Dec-11	0.76
01-Dec-11	-0.16
30-Nov-11	0.57
29-Nov-11	1.61
28-Nov-11	1.49
25-Nov-11	0.62
23-Nov-11	-1.88
22-Nov-11	1.12
21-Nov-11	-0.5
18-Nov-11	-1.43
17-Nov-11	-3.67
16-Nov-11	3.24
15-Nov-11	1.25
14-Nov-11	-0.86
11-Nov-11	1.24
10-Nov-11	2.13
09-Nov-11	-1.1
08-Nov-11	1.34
07-Nov-11	1.34
04-Nov-11	0.2
03-Nov-11	1.69
02-Nov-11	0.35
01-Nov-11	-1.07
31-Oct-11	-0.14
28-Oct-11	-0.68
27-Oct-11	4.17
26-Oct-11	-3.19
25-Oct-11	2.08
24-Oct-11	4.43
21-Oct-11	2.46
20-Oct-11	-0.94
19-Oct-11	-2.52
18-Oct-11	2.27
17-Oct-11	-0.48
14-Oct-11	3.05
13-Oct-11	-1.57
12-Oct-11	-0.28
11-Oct-11	0.47
10-Oct-11	2.93
07-Oct-11	0.47
06-Oct-11	3.65
05-Oct-11	5.3
04-Oct-11	-2.5
03-Oct-11	-2.01
30-Sep-11	-3.58
29-Sep-11	1.15
28-Sep-11	-3.84
27-Sep-11	5.25
26-Sep-11	0.49
23-Sep-11	-0.82
22-Sep-11	-6.3
21-Sep-11	-1.12
20-Sep-11	1.39
19-Sep-11	-2.57
16-Sep-11	-1.61
15-Sep-11	0.55
14-Sep-11	-1.44
13-Sep-11	2.29
12-Sep-11	1.09
09-Sep-11	-2.03
08-Sep-11	-0.32
07-Sep-11	3.86
06-Sep-11	-0.5
02-Sep-11	-2.79
01-Sep-11	0.14
31-Aug-11	-0.1
30-Aug-11	1.87
29-Aug-11	2.23
26-Aug-11	0.08
25-Aug-11	0.16
24-Aug-11	-0.33
23-Aug-11	1.57
22-Aug-11	2.26
19-Aug-11	-0.15
18-Aug-11	-5.94
17-Aug-11	1.07
16-Aug-11	-1.4
15-Aug-11	2.93
12-Aug-11	-0.4
11-Aug-11	3.41
10-Aug-11	4.53
09-Aug-11	-2.47
08-Aug-11	-6.41
05-Aug-11	0.29
04-Aug-11	-5.77
03-Aug-11	-1.98
02-Aug-11	-1.16
01-Aug-11	-0.85
29-Jul-11	-1.79
28-Jul-11	0.04
27-Jul-11	-2.2
26-Jul-11	0.39
25-Jul-11	-0.67
22-Jul-11	0.75
21-Jul-11	1.01
20-Jul-11	0.66
19-Jul-11	1.64
18-Jul-11	-1.35
15-Jul-11	1.62
14-Jul-11	-2.41
13-Jul-11	0.64
12-Jul-11	2.4
11-Jul-11	-1.09
08-Jul-11	-2.5
07-Jul-11	2.09
06-Jul-11	-0.25
05-Jul-11	2.05
01-Jul-11	-0.5
30-Jun-11	0.69
29-Jun-11	2.02
28-Jun-11	2.52
27-Jun-11	-0.6
24-Jun-11	0.15
23-Jun-11	-4.6
22-Jun-11	2.15
21-Jun-11	0.15
20-Jun-11	0.27
17-Jun-11	-2.04
16-Jun-11	0.15
15-Jun-11	-4.59
14-Jun-11	2.13
13-Jun-11	-2
10-Jun-11	-2.59
09-Jun-11	1.18
08-Jun-11	1.67
07-Jun-11	0.08
06-Jun-11	-1.21
03-Jun-11	-0.18
02-Jun-11	0.11
01-Jun-11	-2.35
31-May-11	2.1
27-May-11	0.36
26-May-11	-1.08
25-May-11	1.74
24-May-11	1.93
23-May-11	-1.8
20-May-11	1.07
19-May-11	-1.66
18-May-11	3.29
17-May-11	-0.47
16-May-11	-2.29
13-May-11	0.69
12-May-11	0.77
11-May-11	-5.46
10-May-11	1.3
09-May-11	5.53
06-May-11	-2.63
05-May-11	-8.64
04-May-11	-1.63
03-May-11	-2.18
02-May-11	-0.36
29-Apr-11	0.95
28-Apr-11	0.09
27-Apr-11	0.49
26-Apr-11	-0.06
25-Apr-11	-0.01
21-Apr-11	0.75
20-Apr-11	3.05
19-Apr-11	0.96
18-Apr-11	-2.32
15-Apr-11	1.43
14-Apr-11	0.93
13-Apr-11	0.81
12-Apr-11	-3.34
11-Apr-11	-2.54
08-Apr-11	2.26
07-Apr-11	1.35
06-Apr-11	0.45
05-Apr-11	-0.12
04-Apr-11	0.49
01-Apr-11	1.14
31-Mar-11	2.35
30-Mar-11	-0.5
29-Mar-11	0.78
28-Mar-11	-1.35
25-Mar-11	-0.19
24-Mar-11	-0.14
23-Mar-11	1.68
22-Mar-11	1.63
21-Mar-11	1.25
18-Mar-11	-0.35
17-Mar-11	3.51
16-Mar-11	0.82
15-Mar-11	-3.96
14-Mar-11	0.03
11-Mar-11	-1.5
10-Mar-11	-1.61
09-Mar-11	-0.61
08-Mar-11	-0.4
07-Mar-11	0.98
04-Mar-11	2.46
03-Mar-11	-0.31
02-Mar-11	2.61
01-Mar-11	2.74
28-Feb-11	-0.93
25-Feb-11	0.62
24-Feb-11	-0.84
23-Feb-11	4.84
22-Feb-11	8.55
18-Feb-11	-0.19
17-Feb-11	1.61
16-Feb-11	0.79
15-Feb-11	-0.58
14-Feb-11	-0.9
11-Feb-11	-1.33
10-Feb-11	0.02
09-Feb-11	-0.26
08-Feb-11	-0.62
07-Feb-11	-1.74
04-Feb-11	-1.67
03-Feb-11	-0.35
02-Feb-11	0.1
01-Feb-11	-1.54
31-Jan-11	3.19
28-Jan-11	4.32
27-Jan-11	-1.94
26-Jan-11	1.32
25-Jan-11	-1.91
24-Jan-11	-1.39
21-Jan-11	0.28
20-Jan-11	-2.2
19-Jan-11	-0.57
18-Jan-11	-0.17
14-Jan-11	0.15
13-Jan-11	-0.5
12-Jan-11	0.82
11-Jan-11	2.08
10-Jan-11	1.39
07-Jan-11	-0.4
06-Jan-11	-2.13
05-Jan-11	1.03
04-Jan-11	-2.37
03-Jan-11	0.19
31-Dec-10	1.71
30-Dec-10	-1.4
29-Dec-10	-0.4
28-Dec-10	0.54
27-Dec-10	-0.56
23-Dec-10	1.14
22-Dec-10	0.73
21-Dec-10	1.14
20-Dec-10	0.9
17-Dec-10	0.36
16-Dec-10	-1.04
15-Dec-10	0.39
14-Dec-10	-0.37
13-Dec-10	0.93
10-Dec-10	-0.66
09-Dec-10	0.1
08-Dec-10	-0.46
07-Dec-10	-0.77
06-Dec-10	0.21
03-Dec-10	1.35
02-Dec-10	1.44
01-Dec-10	3.14
30-Nov-10	-1.89
29-Nov-10	2.35
26-Nov-10	-0.12
24-Nov-10	3.21
23-Nov-10	-0.6
22-Nov-10	0.28
19-Nov-10	-0.42
18-Nov-10	1.75
17-Nov-10	-2.31
16-Nov-10	-2.97
15-Nov-10	-0.02
12-Nov-10	-3.34
11-Nov-10	0
10-Nov-10	1.26
09-Nov-10	-0.39
08-Nov-10	0.24
05-Nov-10	0.42
04-Nov-10	2.13
03-Nov-10	0.94
02-Nov-10	1.15
01-Nov-10	1.87
29-Oct-10	-0.91
28-Oct-10	0.29
27-Oct-10	-0.74
26-Oct-10	0.04
25-Oct-10	1.02
22-Oct-10	1.4
21-Oct-10	-1.48
20-Oct-10	2.87
19-Oct-10	-4.32
18-Oct-10	2.25
15-Oct-10	-1.74
14-Oct-10	-0.39
13-Oct-10	1.64
12-Oct-10	-0.66
11-Oct-10	-0.54
08-Oct-10	1.21
07-Oct-10	-1.87
06-Oct-10	0.5
05-Oct-10	1.66
04-Oct-10	-0.13
01-Oct-10	2.01
30-Sep-10	2.71
29-Sep-10	2.21
28-Sep-10	-0.44
27-Sep-10	0.04
24-Sep-10	1.74
23-Sep-10	0.63
22-Sep-10	1.62
21-Sep-10	-1.79
20-Sep-10	1.63
17-Sep-10	-1.22
16-Sep-10	-1.91
15-Sep-10	-1.02
14-Sep-10	-0.51
13-Sep-10	0.97
10-Sep-10	2.96
09-Sep-10	-0.56
08-Sep-10	0.78
07-Sep-10	-0.68
03-Sep-10	-0.56
02-Sep-10	1.5
01-Sep-10	2.77
31-Aug-10	-3.72
30-Aug-10	-0.63
27-Aug-10	2.47
26-Aug-10	1.16
25-Aug-10	1.24
24-Aug-10	-2.01
23-Aug-10	-0.49
20-Aug-10	-1.3
19-Aug-10	-1.31
18-Aug-10	-0.46
17-Aug-10	0.7
16-Aug-10	-0.2
13-Aug-10	-0.46
12-Aug-10	-2.92
11-Aug-10	-2.78
10-Aug-10	-1.51
09-Aug-10	0.97
06-Aug-10	-1.6
05-Aug-10	-0.56
04-Aug-10	-0.1
03-Aug-10	1.49
02-Aug-10	3.03
30-Jul-10	0.75
29-Jul-10	1.78
28-Jul-10	-0.66
27-Jul-10	-1.87
26-Jul-10	0
23-Jul-10	-0.4
22-Jul-10	3.58
21-Jul-10	-1.14
20-Jul-10	1.18
19-Jul-10	0.7
16-Jul-10	-0.8
15-Jul-10	-0.55
14-Jul-10	-0.14
13-Jul-10	2.94
12-Jul-10	-1.5
09-Jul-10	0.86
08-Jul-10	1.85
07-Jul-10	2.9
06-Jul-10	-0.22
02-Jul-10	-1.11
01-Jul-10	-3.54
30-Jun-10	-0.41
29-Jun-10	-2.95
28-Jun-10	-0.77
25-Jun-10	3.07
24-Jun-10	0.21
23-Jun-10	-1.11
22-Jun-10	-0.78
21-Jun-10	0.83
18-Jun-10	0.51
17-Jun-10	-1.13
16-Jun-10	0.95
15-Jun-10	2.42
14-Jun-10	1.82
11-Jun-10	-2.25
10-Jun-10	1.48
09-Jun-10	3.32
08-Jun-10	0.77
07-Jun-10	-0.1
04-Jun-10	-4.15
03-Jun-10	2.4
02-Jun-10	0.39
01-Jun-10	-1.88
28-May-10	-0.78
27-May-10	4.25
26-May-10	4.01
25-May-10	-2.08
24-May-10	0.24
21-May-10	2.98
20-May-10	-2.66
19-May-10	0.66
18-May-10	-0.96
17-May-10	-2.14
14-May-10	-3.75
13-May-10	-1.65
12-May-10	-0.94
11-May-10	-0.56
10-May-10	2.25
07-May-10	-2.59
06-May-10	-3.58
05-May-10	-3.35
04-May-10	-4
03-May-10	0.05
30-Apr-10	1.15
29-Apr-10	2.34
28-Apr-10	0.95
27-Apr-10	-2.09
26-Apr-10	-1.08
23-Apr-10	1.7
22-Apr-10	0.02
21-Apr-10	0.28
20-Apr-10	2.46
19-Apr-10	-2.15
16-Apr-10	-2.65
15-Apr-10	-0.38
14-Apr-10	2.13
13-Apr-10	-0.34
12-Apr-10	-0.68
09-Apr-10	-0.55
08-Apr-10	-0.57
07-Apr-10	-1.11
06-Apr-10	0.25
05-Apr-10	2.06
01-Apr-10	1.33
31-Mar-10	1.69
30-Mar-10	0.24
29-Mar-10	2.71
26-Mar-10	-0.66
25-Mar-10	-0.1
24-Mar-10	-1.59
23-Mar-10	0.81
22-Mar-10	0.71
19-Mar-10	-1.85
18-Mar-10	-0.88
17-Mar-10	1.51
16-Mar-10	2.38
15-Mar-10	-1.77
12-Mar-10	-1.06
11-Mar-10	0.02
10-Mar-10	0.74
09-Mar-10	-0.46
08-Mar-10	0.45
05-Mar-10	1.61
04-Mar-10	-0.82
03-Mar-10	1.49
02-Mar-10	1.25
01-Mar-10	-1.21
26-Feb-10	1.91
25-Feb-10	-2.29
24-Feb-10	1.45
23-Feb-10	-1.62
22-Feb-10	0.44
19-Feb-10	0.95
18-Feb-10	2.24
17-Feb-10	0.42
16-Feb-10	3.89
12-Feb-10	-1.53
11-Feb-10	1.02
10-Feb-10	1.04
09-Feb-10	2.59
08-Feb-10	0.98
05-Feb-10	-2.67
04-Feb-10	-4.99
03-Feb-10	-0.32
02-Feb-10	3.76
01-Feb-10	2.11
29-Jan-10	-1.02
28-Jan-10	-0.04
27-Jan-10	-1.39
26-Jan-10	-0.73
25-Jan-10	0.97
22-Jan-10	-2.02
21-Jan-10	-1.98
20-Jan-10	-1.77
19-Jan-10	1.31
15-Jan-10	-1.75
14-Jan-10	-0.33
13-Jan-10	-1.41
12-Jan-10	-2.1
11-Jan-10	-0.28
08-Jan-10	0.11
07-Jan-10	-0.63
06-Jan-10	1.72
05-Jan-10	0.32
04-Jan-10	2.71
31-Dec-09	0.1
30-Dec-09	0.52
29-Dec-09	0.13
28-Dec-09	0.92
24-Dec-09	1.8
23-Dec-09	3.05
22-Dec-09	2.66
21-Dec-09	-1.21
18-Dec-09	0.98
17-Dec-09	-0.01
16-Dec-09	2.79
15-Dec-09	1.7
14-Dec-09	-0.52
11-Dec-09	-0.95
10-Dec-09	-0.18
09-Dec-09	-2.69
08-Dec-09	-1.77
07-Dec-09	-2.04
04-Dec-09	-1.29
03-Dec-09	-0.18
02-Dec-09	-2.26
01-Dec-09	1.41
30-Nov-09	1.62
27-Nov-09	-2.45
25-Nov-09	2.55
24-Nov-09	-1.99
23-Nov-09	1.09
20-Nov-09	-0.96
19-Nov-09	-2.66
18-Nov-09	0.56
17-Nov-09	0.3
16-Nov-09	3.34
13-Nov-09	-0.77
12-Nov-09	-2.95
11-Nov-09	0.29
10-Nov-09	-0.48
09-Nov-09	2.58
06-Nov-09	-2.75
05-Nov-09	-0.97
04-Nov-09	1.01
03-Nov-09	1.88
02-Nov-09	1.47
30-Oct-09	-3.59
29-Oct-09	3.11
28-Oct-09	-2.63
27-Oct-09	1.11
26-Oct-09	-2.26
23-Oct-09	-0.85
22-Oct-09	-0.22
21-Oct-09	2.88
20-Oct-09	-0.65
19-Oct-09	1.38
16-Oct-09	1.22
15-Oct-09	3.19
14-Oct-09	1.39
13-Oct-09	1.2
12-Oct-09	2.09
09-Oct-09	0.11
08-Oct-09	3.05
07-Oct-09	-1.85
06-Oct-09	0.67
05-Oct-09	0.66
02-Oct-09	-1.23
01-Oct-09	0.3
30-Sep-09	5.85
29-Sep-09	-0.19
28-Sep-09	1.24
25-Sep-09	0.2
24-Sep-09	-4.47
23-Sep-09	-3.61
22-Sep-09	2.64
21-Sep-09	-3.23
18-Sep-09	-0.59
17-Sep-09	-0.06
16-Sep-09	2.23
15-Sep-09	3.01
14-Sep-09	-0.62
11-Sep-09	-3.68
10-Sep-09	0.88
09-Sep-09	0.3
08-Sep-09	4.53
04-Sep-09	0.09
03-Sep-09	-0.13
02-Sep-09	0
01-Sep-09	-2.73
31-Aug-09	-3.82
28-Aug-09	0.34
27-Aug-09	1.48
26-Aug-09	-0.86
25-Aug-09	-3.12
24-Aug-09	0.65
21-Aug-09	1.86
20-Aug-09	0.17
19-Aug-09	4.67
18-Aug-09	3.66
17-Aug-09	-1.13
14-Aug-09	-4.27
13-Aug-09	0.51
12-Aug-09	1.02
11-Aug-09	-1.63
10-Aug-09	-0.47
07-Aug-09	-1.4
06-Aug-09	-0.04
05-Aug-09	0.77
04-Aug-09	-0.22
03-Aug-09	3.07
31-Jul-09	3.75
30-Jul-09	5.67
29-Jul-09	-5.77
28-Jul-09	-1.68
27-Jul-09	0.48
24-Jul-09	1.33
23-Jul-09	2.69
22-Jul-09	1.05
21-Jul-09	1.16
20-Jul-09	0.66
17-Jul-09	2.48
16-Jul-09	0.78
15-Jul-09	3.39
14-Jul-09	-0.28
13-Jul-09	-0.33
10-Jul-09	-0.86
09-Jul-09	0.45
08-Jul-09	-4.43
07-Jul-09	-1.75
06-Jul-09	-4.02
02-Jul-09	-3.72
01-Jul-09	-0.83
30-Jun-09	-2.24
29-Jun-09	3.37
26-Jun-09	-1.52
25-Jun-09	2.27
24-Jun-09	-0.82
23-Jun-09	3.45
22-Jun-09	-3.77
19-Jun-09	-2.55
18-Jun-09	0.48
17-Jun-09	0.79
16-Jun-09	-0.21
15-Jun-09	-1.97
12-Jun-09	-0.88
11-Jun-09	1.89
10-Jun-09	1.89
09-Jun-09	2.82
08-Jun-09	-0.51
05-Jun-09	-0.54
04-Jun-09	4.07
03-Jun-09	-3.54
02-Jun-09	-0.04
01-Jun-09	3.42
29-May-09	1.89
28-May-09	2.57
27-May-09	1.6
26-May-09	1.26
22-May-09	1.02
21-May-09	-1.6
20-May-09	4.01
19-May-09	1.05
18-May-09	4.77
15-May-09	-3.89
14-May-09	1.03
13-May-09	-1.41
12-May-09	0.6
11-May-09	-0.22
08-May-09	3.39
07-May-09	0.66
06-May-09	4.64
05-May-09	-1.16
04-May-09	2.39
01-May-09	4.07
30-Apr-09	0.29
29-Apr-09	2.1
28-Apr-09	-0.44
27-Apr-09	-2.74
24-Apr-09	3.89
23-Apr-09	1.58
22-Apr-09	5.03
21-Apr-09	1.37
20-Apr-09	-8.84
17-Apr-09	0.7
16-Apr-09	1.48
15-Apr-09	-0.32
14-Apr-09	-1.28
13-Apr-09	-4.19
09-Apr-09	5.79
08-Apr-09	0.47
07-Apr-09	-3.72
06-Apr-09	-2.78
03-Apr-09	-0.25
02-Apr-09	8.78
01-Apr-09	-2.56
31-Mar-09	2.58
30-Mar-09	-7.58
27-Mar-09	-3.61
26-Mar-09	2.98
25-Mar-09	-2.24
24-Mar-09	0.33
23-Mar-09	5.37
20-Mar-09	-1.07
19-Mar-09	7.21
18-Mar-09	-2.07
17-Mar-09	3.82
16-Mar-09	2.38
13-Mar-09	-1.66
12-Mar-09	11.1
11-Mar-09	-7.39
10-Mar-09	-2.89
09-Mar-09	3.41
06-Mar-09	4.38
05-Mar-09	-3.9
04-Mar-09	8.96
03-Mar-09	3.74
02-Mar-09	-10.3
27-Feb-09	-1.02
26-Feb-09	6.4
25-Feb-09	6.36
24-Feb-09	3.95
23-Feb-09	-1.28
20-Feb-09	-1.37
19-Feb-09	14.04
18-Feb-09	-0.89
17-Feb-09	-6.88
13-Feb-09	10.39
12-Feb-09	-5.45
11-Feb-09	-4.29
10-Feb-09	-5.08
09-Feb-09	-1.52
06-Feb-09	-2.43
05-Feb-09	2.11
04-Feb-09	-1.13
03-Feb-09	1.75
02-Feb-09	-3.84
30-Jan-09	0.58
29-Jan-09	-1.71
28-Jan-09	1.39
27-Jan-09	-9.08
26-Jan-09	-1.59
23-Jan-09	6.41
22-Jan-09	0.28
21-Jan-09	12.42
20-Jan-09	6.11
16-Jan-09	3.14
15-Jan-09	-5.04
14-Jan-09	-1.32
13-Jan-09	0.51
12-Jan-09	-7.94
09-Jan-09	-2.09
08-Jan-09	-2.18
07-Jan-09	-12.25
06-Jan-09	-0.47
05-Jan-09	5.33
02-Jan-09	3.9
31-Dec-08	14.27
30-Dec-08	-2.47
29-Dec-08	6.13
26-Dec-08	6.68
24-Dec-08	-9.31
23-Dec-08	-2.33
22-Dec-08	17.83
19-Dec-08	-6.49
18-Dec-08	-9.59
17-Dec-08	-8.12
16-Dec-08	-2.04
15-Dec-08	-3.82
12-Dec-08	-3.54
11-Dec-08	10.25
10-Dec-08	3.45
09-Dec-08	-3.75
08-Dec-08	7.11
05-Dec-08	-6.55
04-Dec-08	-6.67
03-Dec-08	-0.36
02-Dec-08	-4.71
01-Dec-08	-9.46
28-Nov-08	-0.02
26-Nov-08	7.23
25-Nov-08	-6.84
24-Nov-08	9.15
21-Nov-08	0.62
20-Nov-08	-7.46
19-Nov-08	-1.42
18-Nov-08	-1.02
17-Nov-08	-3.66
14-Nov-08	-2.06
13-Nov-08	3.7
12-Nov-08	-5.34
11-Nov-08	-4.94
10-Nov-08	2.24
07-Nov-08	0.44
06-Nov-08	-6.94
05-Nov-08	-7.42
04-Nov-08	10.36
03-Nov-08	-5.75
31-Oct-08	2.8
30-Oct-08	-2.28
29-Oct-08	7.6
28-Oct-08	-0.78
27-Oct-08	-1.45
24-Oct-08	-5.44
23-Oct-08	1.63
22-Oct-08	-5.84
21-Oct-08	-4.53
20-Oct-08	3.34
17-Oct-08	2.86
16-Oct-08	-6.29
15-Oct-08	-5.2
14-Oct-08	-3.15
13-Oct-08	4.49
10-Oct-08	-10.27
09-Oct-08	-2.65
08-Oct-08	-1.23
07-Oct-08	2.56
06-Oct-08	-6.47
03-Oct-08	-0.1
02-Oct-08	-4.63
01-Oct-08	-2.1
30-Sep-08	4.43
29-Sep-08	-9.84
26-Sep-08	-1.05
25-Sep-08	2.17
24-Sep-08	-0.83
23-Sep-08	-11.83
22-Sep-08	15.66
19-Sep-08	6.81
18-Sep-08	0.74
17-Sep-08	6.59
16-Sep-08	-4.76
15-Sep-08	-5.41
12-Sep-08	0.31
11-Sep-08	-1.67
10-Sep-08	-0.66
09-Sep-08	-2.9
08-Sep-08	0.1
05-Sep-08	-1.54
04-Sep-08	-1.34
03-Sep-08	-0.33
02-Sep-08	-4.98
29-Aug-08	-0.11
28-Aug-08	-2.17
27-Aug-08	1.62
26-Aug-08	1.01
25-Aug-08	0.45
22-Aug-08	-5.44
21-Aug-08	5.39
20-Aug-08	0.39
19-Aug-08	1.47
18-Aug-08	-0.79
15-Aug-08	-1.08
14-Aug-08	-0.85
13-Aug-08	2.65
12-Aug-08	-1.26
11-Aug-08	-0.65
08-Aug-08	-4.02
07-Aug-08	1.21
06-Aug-08	-0.5
05-Aug-08	-1.84
04-Aug-08	-2.95
01-Aug-08	0.82
31-Jul-08	-2.12
30-Jul-08	3.75
29-Jul-08	-2.04
28-Jul-08	1.19
25-Jul-08	-1.78
24-Jul-08	0.84
23-Jul-08	-2.74
22-Jul-08	-2.36
21-Jul-08	1.68
18-Jul-08	-0.32
17-Jul-08	-3.95
16-Jul-08	-2.98
15-Jul-08	-4.44
14-Jul-08	0.07
11-Jul-08	2.42
10-Jul-08	4.12
09-Jul-08	0.01
08-Jul-08	-3.77
07-Jul-08	-2.7
03-Jul-08	1.2
02-Jul-08	1.84
01-Jul-08	0.69
30-Jun-08	-0.15
27-Jun-08	0.41
26-Jun-08	3.78
25-Jun-08	-1.79
24-Jun-08	0.19
23-Jun-08	1.57
20-Jun-08	2.04
19-Jun-08	-3.48
18-Jun-08	1.99
17-Jun-08	-0.45
16-Jun-08	-0.19
13-Jun-08	-1.37
12-Jun-08	0.26
11-Jun-08	3.86
10-Jun-08	-2.26
09-Jun-08	-3.02
06-Jun-08	8.41
05-Jun-08	4.49
04-Jun-08	-1.62
03-Jun-08	-2.7
02-Jun-08	0.32
30-May-08	0.58
29-May-08	-3.37
28-May-08	1.69
27-May-08	-2.53
23-May-08	1.05
22-May-08	-1.77
21-May-08	3.18
20-May-08	1.59
19-May-08	0.6
16-May-08	1.75
15-May-08	-0.08
14-May-08	-1.26
13-May-08	1.26
12-May-08	-1.37
09-May-08	1.84
08-May-08	0.13
07-May-08	1.39
06-May-08	1.56
05-May-08	3.14
02-May-08	3.38
01-May-08	-0.83
30-Apr-08	-1.88
29-Apr-08	-2.63
28-Apr-08	0.19
25-Apr-08	2.12
24-Apr-08	-1.89
23-Apr-08	-0.9
22-Apr-08	1.61
21-Apr-08	0.68
18-Apr-08	1.59
17-Apr-08	-0.06
16-Apr-08	1
15-Apr-08	1.82
14-Apr-08	1.47
11-Apr-08	0.03
10-Apr-08	-0.69
09-Apr-08	2.18
08-Apr-08	-0.54
07-Apr-08	2.69
04-Apr-08	2.31
03-Apr-08	-0.95
02-Apr-08	3.81
01-Apr-08	-0.59
31-Mar-08	-3.83
28-Mar-08	-1.82
27-Mar-08	1.59
26-Mar-08	4.62
25-Mar-08	0.36
24-Mar-08	-0.96
20-Mar-08	-2.53
19-Mar-08	-4.51
18-Mar-08	3.54
17-Mar-08	-4.11
14-Mar-08	-0.11
13-Mar-08	0.37
12-Mar-08	1.08
11-Mar-08	0.79
10-Mar-08	2.62
07-Mar-08	-0.3
06-Mar-08	0.91
05-Mar-08	5.02
04-Mar-08	-2.86
03-Mar-08	0.6
29-Feb-08	-0.73
28-Feb-08	2.96
27-Feb-08	-1.23
26-Feb-08	1.66
25-Feb-08	0.43
22-Feb-08	0.59
21-Feb-08	-2.49
20-Feb-08	0.73
19-Feb-08	4.72
15-Feb-08	0.04
14-Feb-08	2.35
13-Feb-08	0.53
12-Feb-08	-0.87
11-Feb-08	1.98
08-Feb-08	4.15
07-Feb-08	1.11
06-Feb-08	-1.44
05-Feb-08	-1.79
04-Feb-08	1.19
01-Feb-08	-3.04
31-Jan-08	-0.63
30-Jan-08	0.75
29-Jan-08	0.71
28-Jan-08	0.31
25-Jan-08	1.45
24-Jan-08	2.78
23-Jan-08	-3.18
22-Jan-08	-0.79
18-Jan-08	0.49
17-Jan-08	-0.78
16-Jan-08	-1.15
15-Jan-08	-2.44
14-Jan-08	1.63
11-Jan-08	-1.09
10-Jan-08	-2.05
09-Jan-08	-0.69
08-Jan-08	1.3
07-Jan-08	-2.88
04-Jan-08	-1.28
03-Jan-08	-0.44
02-Jan-08	3.79
31-Dec-07	-0.02
28-Dec-07	-0.64
27-Dec-07	0.68
26-Dec-07	1.95
24-Dec-07	0.88
21-Dec-07	2.47
20-Dec-07	-0.2
19-Dec-07	0.83
18-Dec-07	-0.15
17-Dec-07	-0.7
14-Dec-07	-1.06
13-Dec-07	-2.27
12-Dec-07	4.85
11-Dec-07	2.46
10-Dec-07	-0.48
07-Dec-07	-2.16
06-Dec-07	3.13
05-Dec-07	-0.94
04-Dec-07	-1.11
03-Dec-07	0.68
30-Nov-07	-2.53
29-Nov-07	0.43
28-Nov-07	-4.02
27-Nov-07	-3.36
26-Nov-07	-0.49
23-Nov-07	0.91
21-Nov-07	-0.75
20-Nov-07	3.58
19-Nov-07	-0.48
16-Nov-07	1.79
15-Nov-07	-0.7
14-Nov-07	3.2
13-Nov-07	-3.65
12-Nov-07	-1.76
09-Nov-07	0.9
08-Nov-07	-0.94
07-Nov-07	-0.34
06-Nov-07	2.89
05-Nov-07	-2.03
02-Nov-07	2.61
01-Nov-07	-1.1
31-Oct-07	4.59
30-Oct-07	-3.37
29-Oct-07	1.82
26-Oct-07	1.55
25-Oct-07	3.86
24-Oct-07	2.15
23-Oct-07	-2.62
22-Oct-07	-1.17
19-Oct-07	-0.97
18-Oct-07	2.37
17-Oct-07	-0.24
16-Oct-07	1.72
15-Oct-07	2.92
12-Oct-07	0.73
11-Oct-07	2.19
10-Oct-07	1.3
09-Oct-07	1.57
08-Oct-07	-2.71
05-Oct-07	-0.27
04-Oct-07	1.88
03-Oct-07	-0.14
02-Oct-07	-0.24
01-Oct-07	-1.74
28-Sep-07	-1.47
27-Sep-07	3.21
26-Sep-07	0.97
25-Sep-07	-1.75
24-Sep-07	-0.82
21-Sep-07	-2.04
20-Sep-07	1.7
19-Sep-07	0.52
18-Sep-07	1.17
17-Sep-07	1.86
14-Sep-07	-1.24
13-Sep-07	0.23
12-Sep-07	2.15
11-Sep-07	0.95
10-Sep-07	1.03
07-Sep-07	0.52
06-Sep-07	0.75
05-Sep-07	0.87
04-Sep-07	1.4
31-Aug-07	0.93
30-Aug-07	-0.2
29-Aug-07	2.48
28-Aug-07	-0.33
27-Aug-07	1.24
24-Aug-07	1.8
23-Aug-07	0.82
22-Aug-07	-0.3
21-Aug-07	-2.32
20-Aug-07	-1.19
17-Aug-07	1.38
16-Aug-07	-3.18
15-Aug-07	1.31
14-Aug-07	1.06
13-Aug-07	0.21
10-Aug-07	-0.17
09-Aug-07	-0.78
08-Aug-07	-0.37
07-Aug-07	0.5
06-Aug-07	-4.53
03-Aug-07	-1.8
02-Aug-07	0.43
01-Aug-07	-2.15
31-Jul-07	1.8
30-Jul-07	-0.25
27-Jul-07	2.76
26-Jul-07	-1.23
25-Jul-07	3.15
24-Jul-07	-1.78
23-Jul-07	-0.9
20-Jul-07	-0.46
19-Jul-07	1.16
18-Jul-07	1.39
17-Jul-07	-0.18
16-Jul-07	0.3
13-Jul-07	1.97
12-Jul-07	-0.08
11-Jul-07	-0.34
10-Jul-07	0.86
09-Jul-07	-0.85
06-Jul-07	1.39
05-Jul-07	0.56
03-Jul-07	0.45
02-Jul-07	0.58
29-Jun-07	1.6
28-Jun-07	0.87
27-Jun-07	1.77
26-Jun-07	-2.04
25-Jun-07	0.06
22-Jun-07	0.71
21-Jun-07	0.67
20-Jun-07	-1.32
19-Jun-07	0.01
18-Jun-07	1.6
15-Jun-07	0.52
14-Jun-07	2.1
13-Jun-07	1.39
12-Jun-07	-0.94
11-Jun-07	1.87
08-Jun-07	-3.24
07-Jun-07	1.47
06-Jun-07	0.53
05-Jun-07	-0.91
04-Jun-07	1.74
01-Jun-07	1.67
31-May-07	0.82
30-May-07	0.54
29-May-07	-3.14
25-May-07	1.59
24-May-07	-2.42
23-May-07	1.23
22-May-07	-1.96
21-May-07	2.05
18-May-07	0.12
17-May-07	3.69
16-May-07	-0.98
15-May-07	1.14
14-May-07	0.14
11-May-07	0.91
10-May-07	0.42
09-May-07	-1.14
08-May-07	1.29
07-May-07	-0.74
04-May-07	-1.99
03-May-07	-0.77
02-May-07	-1.12
01-May-07	-1.99
30-Apr-07	-1.13
27-Apr-07	2.15
26-Apr-07	-1.18
25-Apr-07	1.95
24-Apr-07	-1.99
23-Apr-07	3.96
20-Apr-07	2.51
19-Apr-07	-2.06
18-Apr-07	0.05
17-Apr-07	-0.8
16-Apr-07	-0.03
13-Apr-07	-0.34
12-Apr-07	2.97
11-Apr-07	0.19
10-Apr-07	0.62
09-Apr-07	-4.31
05-Apr-07	-0.16
04-Apr-07	-0.4
03-Apr-07	-1.97
02-Apr-07	0.11
30-Mar-07	-0.24
29-Mar-07	3.04
28-Mar-07	1.83
27-Mar-07	0.03
26-Mar-07	1.01
23-Mar-07	0.96
22-Mar-07	3.49
21-Mar-07	5.08
20-Mar-07	0.25
19-Mar-07	-0.91
16-Mar-07	-0.76
15-Mar-07	-1.05
14-Mar-07	0.4
13-Mar-07	-1.66
12-Mar-07	-1.9
09-Mar-07	-2.58
08-Mar-07	-0.29
07-Mar-07	1.86
06-Mar-07	1.03
05-Mar-07	-2.55
02-Mar-07	-0.58
01-Mar-07	0.34
28-Feb-07	0.54
27-Feb-07	0.11
26-Feb-07	0.41
23-Feb-07	0.31
22-Feb-07	1.46
21-Feb-07	3.44
20-Feb-07	-2.22
16-Feb-07	2.41
15-Feb-07	-0.02
14-Feb-07	-1.79
13-Feb-07	2.16
12-Feb-07	-3.47
09-Feb-07	0.3
08-Feb-07	3.47
07-Feb-07	-1.99
06-Feb-07	0.24
05-Feb-07	-0.47
02-Feb-07	3
01-Feb-07	-1.44
31-Jan-07	2.05
30-Jan-07	5.48
29-Jan-07	-2.54
26-Jan-07	2.19
25-Jan-07	-2.06
24-Jan-07	0.6
23-Jan-07	7.65
22-Jan-07	-1.65
19-Jan-07	2.99
18-Jan-07	-3.37
17-Jan-07	2.01
16-Jan-07	-3.36
12-Jan-07	2.14
11-Jan-07	-3.96
10-Jan-07	-2.91
09-Jan-07	-0.8
08-Jan-07	-0.39
05-Jan-07	1.3
04-Jan-07	-4.68
03-Jan-07	-4.47
02-Jan-07	0
29-Dec-06	0.86
28-Dec-06	0.31
27-Dec-06	-1.24
26-Dec-06	-2.1
22-Dec-06	-0.4
21-Dec-06	-1.66
20-Dec-06	0.9
19-Dec-06	1.51
18-Dec-06	-1.92
15-Dec-06	1.47
14-Dec-06	1.86
13-Dec-06	0.57
12-Dec-06	-0.33
11-Dec-06	-1.31
08-Dec-06	-0.74
07-Dec-06	0.48
06-Dec-06	-0.38
05-Dec-06	-0.02
04-Dec-06	-1.56
01-Dec-06	0.48
30-Nov-06	1.07
29-Nov-06	2.41
28-Nov-06	1.11
27-Nov-06	1.82
22-Nov-06	-1.55
21-Nov-06	2.33
20-Nov-06	5.36
17-Nov-06	-0.8
16-Nov-06	-4.25
15-Nov-06	0.82
14-Nov-06	-0.51
13-Nov-06	-1.69
10-Nov-06	-2.57
09-Nov-06	2.22
08-Nov-06	1.53
07-Nov-06	-1.82
06-Nov-06	1.49
03-Nov-06	2.18
02-Nov-06	-1.41
01-Nov-06	-0.03
31-Oct-06	0.63
30-Oct-06	-3.93
27-Oct-06	0.65
26-Oct-06	-1.69
25-Oct-06	3.45
24-Oct-06	0.92
23-Oct-06	3.5
20-Oct-06	-2.87
19-Oct-06	1.47
18-Oct-06	-2.17
17-Oct-06	-1.69
16-Oct-06	2.34
13-Oct-06	1.23
12-Oct-06	0.47
11-Oct-06	-1.59
10-Oct-06	-2.4
09-Oct-06	0.33
06-Oct-06	-0.45
05-Oct-06	1.04
04-Oct-06	1.24
03-Oct-06	-3.85
02-Oct-06	-2.99
29-Sep-06	0.24
28-Sep-06	-0.32
27-Sep-06	3.2
26-Sep-06	-0.72
25-Sep-06	1.49
22-Sep-06	-1.69
21-Sep-06	1.87
20-Sep-06	-1.95
19-Sep-06	-3.35
18-Sep-06	0.74
15-Sep-06	0.17
14-Sep-06	-1.17
13-Sep-06	0.33
12-Sep-06	-2.82
11-Sep-06	-0.97
08-Sep-06	-1.59
07-Sep-06	-0.27
06-Sep-06	-1.6
05-Sep-06	-0.85
01-Sep-06	-1.52
31-Aug-06	0.33
30-Aug-06	0.46
29-Aug-06	-1.27
28-Aug-06	-2.62
25-Aug-06	0.21
24-Aug-06	0.84
23-Aug-06	-1.2
22-Aug-06	0.25
21-Aug-06	1.84
18-Aug-06	1.54
17-Aug-06	-2.55
16-Aug-06	-1.59
15-Aug-06	-0.65
14-Aug-06	-1.1
11-Aug-06	0.47
10-Aug-06	-3.08
09-Aug-06	0.05
08-Aug-06	-0.87
07-Aug-06	2.97
04-Aug-06	-0.93
03-Aug-06	-0.46
02-Aug-06	1.2
01-Aug-06	0.69
31-Jul-06	1.58
28-Jul-06	-1.74
27-Jul-06	0.81
26-Jul-06	0.26
25-Jul-06	-1.73
24-Jul-06	0.83
21-Jul-06	1.85
20-Jul-06	0.58
19-Jul-06	-1.2
18-Jul-06	-2.34
17-Jul-06	-2.25
14-Jul-06	0.43
13-Jul-06	2.33
12-Jul-06	1.07
11-Jul-06	0.75
10-Jul-06	-0.65
07-Jul-06	-1.4
06-Jul-06	-0.07
05-Jul-06	1.7
30-Jun-06	0.56
29-Jun-06	1.84
28-Jun-06	0.38
27-Jun-06	0.17
26-Jun-06	1.31
23-Jun-06	0.04
22-Jun-06	0.73
21-Jun-06	2.02
20-Jun-06	-0.06
19-Jun-06	-1.29
16-Jun-06	0.55
15-Jun-06	0.52
14-Jun-06	0.85
13-Jun-06	-2.56
12-Jun-06	-1.77
09-Jun-06	1.82
08-Jun-06	-0.66
07-Jun-06	-2.32
06-Jun-06	-0.14
05-Jun-06	0.37
02-Jun-06	2.83
01-Jun-06	-1.33
31-May-06	-1.03
30-May-06	0.92
26-May-06	0.07
25-May-06	2.09
24-May-06	-2.65
23-May-06	3.65
22-May-06	1.02
19-May-06	-1.32
18-May-06	1.11
17-May-06	-1.21
16-May-06	0.17
15-May-06	-3.65
12-May-06	-1.75
11-May-06	1.65
10-May-06	2.04
09-May-06	1.32
08-May-06	-0.6
05-May-06	0.36
04-May-06	-3.24
03-May-06	-3.12
02-May-06	1.23
01-May-06	2.53
28-Apr-06	1.28
27-Apr-06	-1.33
26-Apr-06	-1.3
25-Apr-06	-0.61
24-Apr-06	-2.45
21-Apr-06	4.48
20-Apr-06	-0.3
19-Apr-06	1.15
18-Apr-06	1.35
17-Apr-06	1.56
13-Apr-06	1.02
12-Apr-06	-0.52
11-Apr-06	0.35
10-Apr-06	2
07-Apr-06	-0.81
06-Apr-06	1.3
05-Apr-06	1.27
04-Apr-06	-0.76
03-Apr-06	0.17
31-Mar-06	-0.77
30-Mar-06	1.05
29-Mar-06	0.58
28-Mar-06	2.98
27-Mar-06	-0.16
24-Mar-06	0.55
23-Mar-06	3.46
22-Mar-06	1.98
21-Mar-06	0.25
20-Mar-06	-3.74
17-Mar-06	-1.27
16-Mar-06	2.27
15-Mar-06	-1.47
14-Mar-06	2.15
13-Mar-06	3.02
10-Mar-06	-0.84
09-Mar-06	0.75
08-Mar-06	-2.53
07-Mar-06	-1.33
06-Mar-06	-1.98
03-Mar-06	0.49
02-Mar-06	2.24
01-Mar-06	0.91
28-Feb-06	0.67
27-Feb-06	-3.04
24-Feb-06	3.91
23-Feb-06	-0.77
22-Feb-06	-0.15
21-Feb-06	2.04
17-Feb-06	2.43
16-Feb-06	1.41
15-Feb-06	-3.22
14-Feb-06	-2.73
13-Feb-06	-0.97
10-Feb-06	-1.25
09-Feb-06	0.11
08-Feb-06	-0.86
07-Feb-06	-3.1
06-Feb-06	-0.4
03-Feb-06	1.07
02-Feb-06	-2.82
01-Feb-06	-2
31-Jan-06	-0.63
30-Jan-06	0.87
27-Jan-06	2.26
26-Jan-06	0.62
25-Jan-06	-1.8
24-Jan-06	-1.53
23-Jan-06	-0.37
20-Jan-06	2.27
19-Jan-06	1.67
18-Jan-06	-0.87
17-Jan-06	3.74
13-Jan-06	-0.03
12-Jan-06	0
11-Jan-06	0.9
10-Jan-06	-0.2
09-Jan-06	-1.11
06-Jan-06	2.26
05-Jan-06	-0.99
04-Jan-06	0.44
03-Jan-06	3.44
30-Dec-05	1.19
29-Dec-05	0.84
28-Dec-05	2.85
27-Dec-05	-0.46
23-Dec-05	0.26
22-Dec-05	-0.48
21-Dec-05	1
20-Dec-05	1.12
19-Dec-05	-1.24
16-Dec-05	-3.22
15-Dec-05	-1.41
14-Dec-05	-0.85
13-Dec-05	0.11
12-Dec-05	3.22
09-Dec-05	-2.09
08-Dec-05	2.45
07-Dec-05	-1.22
06-Dec-05	0.05
05-Dec-05	0.99
02-Dec-05	1.45
01-Dec-05	2.01
30-Nov-05	1.45
29-Nov-05	-1.5
28-Nov-05	-2.3
23-Nov-05	-0.22
22-Nov-05	1.98
21-Nov-05	2.78
18-Nov-05	-0.35
17-Nov-05	-2.66
16-Nov-05	1.58
15-Nov-05	-1.23
14-Nov-05	0.28
11-Nov-05	-0.47
10-Nov-05	-1.92
09-Nov-05	-1.31
08-Nov-05	0.4
07-Nov-05	-1.83
04-Nov-05	-1.94
03-Nov-05	3.4
02-Nov-05	-0.17
01-Nov-05	0.15
31-Oct-05	-2.38
28-Oct-05	0.21
27-Oct-05	0.71
26-Oct-05	-2.85
25-Oct-05	3.51
24-Oct-05	-0.51
21-Oct-05	-0.66
20-Oct-05	-2.21
19-Oct-05	-1.25
18-Oct-05	-1.8
17-Oct-05	2.76
14-Oct-05	-0.71
13-Oct-05	-1.62
12-Oct-05	0.93
11-Oct-05	2.8
10-Oct-05	-0.06
07-Oct-05	0.78
06-Oct-05	-2.28
05-Oct-05	-1.74
04-Oct-05	-2.4
03-Oct-05	-1.16
30-Sep-05	-0.82
29-Sep-05	0.66
28-Sep-05	1.97
27-Sep-05	-1.14
26-Sep-05	2.54
23-Sep-05	-3.47
22-Sep-05	-0.45
21-Sep-05	0.86
20-Sep-05	-1.72
19-Sep-05	6.97
16-Sep-05	-2.7
15-Sep-05	-0.52
14-Sep-05	3.14
13-Sep-05	-0.36
12-Sep-05	-1.15
09-Sep-05	-0.64
08-Sep-05	0.19
07-Sep-05	-2.41
06-Sep-05	-2.38
02-Sep-05	-2.73
01-Sep-05	0.77
31-Aug-05	-1.25
30-Aug-05	3.88
29-Aug-05	1.62
26-Aug-05	-2.02
25-Aug-05	0.25
24-Aug-05	2.45
23-Aug-05	0.4
22-Aug-05	0.15
19-Aug-05	3.29
18-Aug-05	0.03
17-Aug-05	-4.28
16-Aug-05	-0.29
15-Aug-05	-0.88
12-Aug-05	1.61
11-Aug-05	1.39
10-Aug-05	2.9
09-Aug-05	-1.36
08-Aug-05	2.62
05-Aug-05	1.52
04-Aug-05	0.85
03-Aug-05	-1.66
02-Aug-05	0.52
01-Aug-05	1.65
29-Jul-05	1.05
28-Jul-05	1.4
27-Jul-05	-0.15
26-Jul-05	0.34
25-Jul-05	0.6
22-Jul-05	2.66
21-Jul-05	0.72
20-Jul-05	-1.29
19-Jul-05	0.24
18-Jul-05	-1.33
15-Jul-05	0.5
14-Jul-05	-3.68
13-Jul-05	-1.01
12-Jul-05	2.89
11-Jul-05	-1.19
08-Jul-05	-1.81
07-Jul-05	-0.9
06-Jul-05	2.84
05-Jul-05	1.43
01-Jul-05	3.98
30-Jun-05	-1.33
29-Jun-05	-1.62
28-Jun-05	-3.87
27-Jun-05	1.17
24-Jun-05	0.71
23-Jun-05	2.29
22-Jun-05	-1.38
21-Jun-05	-0.79
20-Jun-05	1.54
17-Jun-05	3.34
16-Jun-05	1.82
15-Jun-05	1.04
14-Jun-05	-1.11
13-Jun-05	3.88
10-Jun-05	-1.36
09-Jun-05	3.31
08-Jun-05	-2.27
07-Jun-05	-1.34
06-Jun-05	-0.98
03-Jun-05	2.61
02-Jun-05	-1.78
01-Jun-05	5.06
31-May-05	0.23
27-May-05	1.65
26-May-05	0.06
25-May-05	2.64
24-May-05	1.04
23-May-05	5.04
20-May-05	-0.26
19-May-05	-0.7
18-May-05	-3.51
17-May-05	0.74
16-May-05	-0.12
13-May-05	0.27
12-May-05	-3.79
11-May-05	-3.11
10-May-05	0.08
09-May-05	2.1
06-May-05	0.26
05-May-05	1.4
04-May-05	1.27
03-May-05	-2.79
02-May-05	2.41
29-Apr-05	-3.96
28-Apr-05	0.31
27-Apr-05	-4.78
26-Apr-05	-0.68
25-Apr-05	-1.48
22-Apr-05	2.2
21-Apr-05	3.36
20-Apr-05	0.29
19-Apr-05	3.81
18-Apr-05	-0.24
15-Apr-05	-1.25
14-Apr-05	1.81
13-Apr-05	-3.16
12-Apr-05	-3.44
11-Apr-05	0.73
08-Apr-05	-1.46
07-Apr-05	-3.12
06-Apr-05	-0.34
05-Apr-05	-1.7
04-Apr-05	-0.45
01-Apr-05	3.38
31-Mar-05	2.61
30-Mar-05	-0.44
29-Mar-05	0.33
28-Mar-05	-1.44
24-Mar-05	1.91
23-Mar-05	-3.96
22-Mar-05	-1.04
21-Mar-05	-0.18
18-Mar-05	0.57
17-Mar-05	-0.11
16-Mar-05	2.56
15-Mar-05	0.18
14-Mar-05	0.96
11-Mar-05	1.66
10-Mar-05	-2.25
09-Mar-05	0.33
08-Mar-05	1.3
07-Mar-05	0.2
04-Mar-05	0.39
03-Mar-05	0.98
02-Mar-05	2.65
01-Mar-05	-0.14
28-Feb-05	0.5
25-Feb-05	0.19
24-Feb-05	0.43
23-Feb-05	0.04
22-Feb-05	5.79
18-Feb-05	1.7
17-Feb-05	-1.63
16-Feb-05	2.26
15-Feb-05	-0.38
14-Feb-05	0.59
11-Feb-05	0.13
10-Feb-05	3.61
09-Feb-05	0.13
08-Feb-05	0.27
07-Feb-05	-2.58
04-Feb-05	0.06
03-Feb-05	-0.51
02-Feb-05	-0.91
01-Feb-05	-2.24
31-Jan-05	2.16
28-Jan-05	-3.4
27-Jan-05	0.12
26-Jan-05	-1.73
25-Jan-05	1.7
24-Jan-05	0.58
21-Jan-05	3.45
20-Jan-05	-1.35
19-Jan-05	-1.72
18-Jan-05	0
14-Jan-05	0.71
13-Jan-05	3.6
12-Jan-05	1.51
11-Jan-05	0.77
10-Jan-05	-0.22
07-Jan-05	-0.29
06-Jan-05	5
05-Jan-05	-1.18
04-Jan-05	4.25
03-Jan-05	-3.06
30-Dec-04	-0.44
29-Dec-04	4.48
28-Dec-04	1.09
27-Dec-04	-6.47
23-Dec-04	-0.14
22-Dec-04	-3.32
21-Dec-04	0.26
20-Dec-04	-1.38
17-Dec-04	4.75
16-Dec-04	-0.02
15-Dec-04	5.67
14-Dec-04	1.98
13-Dec-04	0.74
10-Dec-04	-4.28
09-Dec-04	1.41
08-Dec-04	1.16
07-Dec-04	-3.54
06-Dec-04	1.03
03-Dec-04	-1.64
02-Dec-04	-4.92
01-Dec-04	-7.41
30-Nov-04	-1.27
29-Nov-04	0.65
24-Nov-04	1.02
23-Nov-04	0.62
22-Nov-04	0.41
19-Nov-04	4.8
18-Nov-04	-1.32
17-Nov-04	1.58
16-Nov-04	-1.62
15-Nov-04	-0.95
12-Nov-04	-0.21
11-Nov-04	-2.95
10-Nov-04	3.15
09-Nov-04	-3.5
08-Nov-04	-1.05
05-Nov-04	1.62
04-Nov-04	-4.05
03-Nov-04	2.54
02-Nov-04	-1.02
01-Nov-04	-3.15
29-Oct-04	1.65
28-Oct-04	-2.94
27-Oct-04	-4.91
26-Oct-04	1.16
25-Oct-04	-1.14
22-Oct-04	1.29
21-Oct-04	-0.82
20-Oct-04	3.06
19-Oct-04	-0.71
18-Oct-04	-2.29
15-Oct-04	0.31
14-Oct-04	2.09
13-Oct-04	2.15
12-Oct-04	-2.11
11-Oct-04	0.62
08-Oct-04	1.22
07-Oct-04	1.25
06-Oct-04	1.82
05-Oct-04	2.36
04-Oct-04	-0.42
01-Oct-04	0.97
30-Sep-04	0.26
29-Sep-04	-0.78
28-Sep-04	0.52
27-Sep-04	1.55
24-Sep-04	0.87
23-Sep-04	0.23
22-Sep-04	2.65
21-Sep-04	1.62
20-Sep-04	1.67
17-Sep-04	3.9
16-Sep-04	0.69
15-Sep-04	-1.82
14-Sep-04	1.19
13-Sep-04	2.48
10-Sep-04	-4.03
09-Sep-04	4.3
08-Sep-04	-1.25
07-Sep-04	-1.55
03-Sep-04	-0.16
02-Sep-04	0.14
01-Sep-04	4.46
31-Aug-04	-0.38
30-Aug-04	-2.08
27-Aug-04	0.19
26-Aug-04	-0.85
25-Aug-04	-3.85
24-Aug-04	-1.82
23-Aug-04	-3.78
20-Aug-04	-1.72
19-Aug-04	3.03
18-Aug-04	1.11
17-Aug-04	1.52
16-Aug-04	-1.14
13-Aug-04	2.37
12-Aug-04	1.56
11-Aug-04	0.63
10-Aug-04	-0.71
09-Aug-04	2.03
06-Aug-04	-1.04
05-Aug-04	3.69
04-Aug-04	-2.99
03-Aug-04	0.75
02-Aug-04	0.05
30-Jul-04	2.46
29-Jul-04	-0.35
28-Jul-04	2.53
27-Jul-04	0.97
26-Jul-04	-0.65
23-Jul-04	0.85
22-Jul-04	1.92
21-Jul-04	-0.69
20-Jul-04	-1.87
19-Jul-04	0.95
16-Jul-04	1.18
15-Jul-04	-0.49
14-Jul-04	3.88
13-Jul-04	-0.15
12-Jul-04	-1.15
09-Jul-04	-0.92
08-Jul-04	3.2
07-Jul-04	-1.44
06-Jul-04	3.28
02-Jul-04	-0.9
01-Jul-04	4.56
30-Jun-04	3.9
29-Jun-04	-1.6
28-Jun-04	-3.49
25-Jun-04	-1
24-Jun-04	0.96
23-Jun-04	-1.42
22-Jun-04	1.28
21-Jun-04	-2.89
18-Jun-04	0.75
17-Jun-04	3.05
16-Jun-04	0.35
15-Jun-04	-1.06
14-Jun-04	-2.24
10-Jun-04	2.42
09-Jun-04	0.7
08-Jun-04	-3.57
07-Jun-04	0.44
04-Jun-04	-2.01
03-Jun-04	-1.7
02-Jun-04	-5.6
01-Jun-04	6.14
28-May-04	1.12
27-May-04	-3.1
26-May-04	-1.07
25-May-04	-1.39
24-May-04	4.48
21-May-04	-2.42
20-May-04	-1.4
19-May-04	2.37
18-May-04	-2.43
17-May-04	0.41
14-May-04	0.73
13-May-04	0.76
12-May-04	1.77
11-May-04	2.9
10-May-04	-2.5
07-May-04	1.42
06-May-04	-0.51
05-May-04	1.51
04-May-04	2.02
03-May-04	2.22
30-Apr-04	0.19
29-Apr-04	-0.4
28-Apr-04	-0.19
27-Apr-04	1.51
26-Apr-04	1.4
23-Apr-04	-0.68
22-Apr-04	2.74
21-Apr-04	-4.97
20-Apr-04	0.48
19-Apr-04	-0.85
16-Apr-04	0.45
15-Apr-04	2.31
14-Apr-04	-1.32
13-Apr-04	-1.66
12-Apr-04	1.88
08-Apr-04	2.74
07-Apr-04	3.37
06-Apr-04	1.72
05-Apr-04	-0.03
02-Apr-04	0.35
01-Apr-04	-4.17
31-Mar-04	-1.35
30-Mar-04	2.26
29-Mar-04	-0.78
26-Mar-04	0.62
25-Mar-04	-4.05
24-Mar-04	-1.17
23-Mar-04	0.92
22-Mar-04	-2.55
19-Mar-04	0.4
18-Mar-04	-0.65
17-Mar-04	1.87
16-Mar-04	0.11
15-Mar-04	3.45
12-Mar-04	-1.6
11-Mar-04	1.88
10-Mar-04	-0.5
09-Mar-04	-0.79
08-Mar-04	-1.85
05-Mar-04	1.69
04-Mar-04	2.35
03-Mar-04	-2.35
02-Mar-04	-0.54
01-Mar-04	1.94
27-Feb-04	1.83
26-Feb-04	-0.48
25-Feb-04	3.18
24-Feb-04	0.67
23-Feb-04	-3.51
20-Feb-04	-1.11
19-Feb-04	1.55
18-Feb-04	0.74
17-Feb-04	1.82
13-Feb-04	1.71
12-Feb-04	-0.06
11-Feb-04	0.38
10-Feb-04	3.17
09-Feb-04	1.08
06-Feb-04	-1.81
05-Feb-04	-0.06
04-Feb-04	-2.93
03-Feb-04	-2.52
02-Feb-04	5.84
30-Jan-04	0.73
29-Jan-04	-2.41
28-Jan-04	-1.47
27-Jan-04	-1.02
26-Jan-04	-1.35
23-Jan-04	0.03
22-Jan-04	1.01
21-Jan-04	-4.48
20-Jan-04	3.22
16-Jan-04	4.87
15-Jan-04	-3.07
14-Jan-04	0.2
13-Jan-04	-0.84
12-Jan-04	1.19
09-Jan-04	0.97
08-Jan-04	1.07
07-Jan-04	-0.24
06-Jan-04	-0.24
05-Jan-04	3.87
31-Dec-03	-0.82
30-Dec-03	1.2
29-Dec-03	-1.4
24-Dec-03	2.85
23-Dec-03	0.25
22-Dec-03	-3.48
19-Dec-03	-2.05
18-Dec-03	1.08
17-Dec-03	1.4
16-Dec-03	-0.87
15-Dec-03	0.42
12-Dec-03	3.74
11-Dec-03	-0.09
10-Dec-03	0.38
09-Dec-03	-1.06
08-Dec-03	4.46
05-Dec-03	-1.7
04-Dec-03	0.51
03-Dec-03	1.04
02-Dec-03	2.77
01-Dec-03	-1.51
26-Nov-03	2.15
25-Nov-03	0.1
24-Nov-03	-5.92
21-Nov-03	-3.8
20-Nov-03	-0.18
19-Nov-03	-1.08
18-Nov-03	4.88
17-Nov-03	-1.98
14-Nov-03	1.47
13-Nov-03	1.82
12-Nov-03	0.58
11-Nov-03	0.87
10-Nov-03	0.1
07-Nov-03	1.95
06-Nov-03	-0.13
05-Nov-03	5.39
04-Nov-03	-0.52
03-Nov-03	-0.72
31-Oct-03	2.25
30-Oct-03	-1.52
29-Oct-03	-2.2
28-Oct-03	-1.2
27-Oct-03	-0.8
24-Oct-03	-0.46
23-Oct-03	1.27
22-Oct-03	-0.86
21-Oct-03	-0.56
20-Oct-03	-1.08
17-Oct-03	-2.73
16-Oct-03	-0.72
15-Oct-03	-0.16
14-Oct-03	-0.41
13-Oct-03	-0.06
10-Oct-03	3.1
09-Oct-03	4.03
08-Oct-03	-1.97
07-Oct-03	-0.2
06-Oct-03	0.23
03-Oct-03	1.88
02-Oct-03	1.53
01-Oct-03	0.65
30-Sep-03	2.82
29-Sep-03	0.85
26-Sep-03	-0.46
25-Sep-03	0.18
24-Sep-03	4.09
23-Sep-03	0.63
22-Sep-03	-0.26
19-Sep-03	-0.52
18-Sep-03	0.52
17-Sep-03	-1.92
16-Sep-03	-2.06
15-Sep-03	-0.46
12-Sep-03	-1.91
11-Sep-03	-1.81
10-Sep-03	0.58
09-Sep-03	1.14
08-Sep-03	-0.1
05-Sep-03	-0.35
04-Sep-03	-1.73
03-Sep-03	0.27
02-Sep-03	-6.84
29-Aug-03	0.22
28-Aug-03	0.93
27-Aug-03	-2.32
26-Aug-03	1.24
25-Aug-03	-0.88
22-Aug-03	-0.13
21-Aug-03	3
20-Aug-03	0.81
19-Aug-03	-0.62
18-Aug-03	-0.52
15-Aug-03	-0.13
14-Aug-03	1.01
13-Aug-03	-3.57
12-Aug-03	-0.28
11-Aug-03	-0.53
08-Aug-03	-0.65
07-Aug-03	2.18
06-Aug-03	-1.61
05-Aug-03	1.19
04-Aug-03	-1.45
01-Aug-03	5.8
31-Jul-03	-0.46
30-Jul-03	1.46
29-Jul-03	0.43
28-Jul-03	-0.2
25-Jul-03	-0.17
24-Jul-03	1.85
23-Jul-03	-1.72
22-Jul-03	-5
21-Jul-03	-0.56
18-Jul-03	1.75
17-Jul-03	1.16
16-Jul-03	-1.8
15-Jul-03	1.12
14-Jul-03	-0.03
11-Jul-03	0.71
10-Jul-03	0.58
09-Jul-03	2.18
08-Jul-03	0.3
07-Jul-03	-0.95
03-Jul-03	0.9
02-Jul-03	-0.82
01-Jul-03	0.7
30-Jun-03	3.14
27-Jun-03	0.9
26-Jun-03	-3.14
25-Jun-03	4.07
24-Jun-03	-1.34
23-Jun-03	-5.35
20-Jun-03	2.87
19-Jun-03	-1.32
18-Jun-03	-2.29
17-Jun-03	-0.35
16-Jun-03	1.73
13-Jun-03	-2.73
12-Jun-03	-2.63
11-Jun-03	1.99
10-Jun-03	0.89
09-Jun-03	0.54
06-Jun-03	1.76
05-Jun-03	2.3
04-Jun-03	-2.02
03-Jun-03	-0.13
02-Jun-03	3.89
30-May-03	1.58
29-May-03	1.82
28-May-03	-2.62
27-May-03	0.65
23-May-03	1.07
22-May-03	-0.62
21-May-03	-0.85
20-May-03	1.56
19-May-03	-1.06
16-May-03	1.39
15-May-03	-1.47
14-May-03	2.35
13-May-03	4.2
12-May-03	-1.33
09-May-03	2.74
08-May-03	2.86
07-May-03	1.98
06-May-03	-2.91
05-May-03	3.19
02-May-03	-1.38
01-May-03	0.89
30-Apr-03	2.22
29-Apr-03	-0.98
28-Apr-03	-2.93
25-Apr-03	-1.43
24-Apr-03	-0.04
23-Apr-03	-10.9
22-Apr-03	-3.11
21-Apr-03	1.05
17-Apr-03	4.69
16-Apr-03	-0.38
15-Apr-03	2.31
14-Apr-03	1.74
11-Apr-03	2.48
10-Apr-03	-4.82
09-Apr-03	3.04
08-Apr-03	0.14
07-Apr-03	-2.31
04-Apr-03	-1.21
03-Apr-03	1.44
02-Apr-03	-4.1
01-Apr-03	-4.06
31-Mar-03	2.92
28-Mar-03	-0.69
27-Mar-03	6.08
26-Mar-03	2.36
25-Mar-03	-2.41
24-Mar-03	6.5
21-Mar-03	-5.94
20-Mar-03	-4.25
19-Mar-03	-5.65
18-Mar-03	-9.33
17-Mar-03	-1.27
14-Mar-03	-1.75
13-Mar-03	-4.81
12-Mar-03	3.02
11-Mar-03	-1.48
10-Mar-03	-1.35
07-Mar-03	2.11
06-Mar-03	0.84
05-Mar-03	-0.54
04-Mar-03	2.81
03-Mar-03	-1.97
28-Feb-03	-1.61
27-Feb-03	-1.33
26-Feb-03	4.55
25-Feb-03	-1.15
24-Feb-03	2.53
21-Feb-03	-3.29
20-Feb-03	-1
19-Feb-03	0.54
18-Feb-03	0.43
14-Feb-03	1.21
13-Feb-03	1.65
12-Feb-03	0.93
11-Feb-03	2.78
10-Feb-03	-1.82
07-Feb-03	2.81
06-Feb-03	0.68
05-Feb-03	1.04
04-Feb-03	2.5
03-Feb-03	-2.24
31-Jan-03	-1
30-Jan-03	0.65
29-Jan-03	2.94
28-Jan-03	1.18
27-Jan-03	-2.97
24-Jan-03	3.19
23-Jan-03	-1.83
22-Jan-03	-5.09
21-Jan-03	2.06
17-Jan-03	0.74
16-Jan-03	1.36
15-Jan-03	2.59
14-Jan-03	0.34
13-Jan-03	1.83
10-Jan-03	-0.97
09-Jan-03	4.68
08-Jan-03	-1.67
07-Jan-03	-3.18
06-Jan-03	-2.96
03-Jan-03	3.86
02-Jan-03	2.08
31-Dec-02	-0.54
30-Dec-02	-4.13
27-Dec-02	0.71
26-Dec-02	1.63
24-Dec-02	0.69
23-Dec-02	4.79
20-Dec-02	-0.85
19-Dec-02	0.39
18-Dec-02	1.13
17-Dec-02	0
16-Dec-02	5.84
13-Dec-02	1.54
12-Dec-02	2.23
11-Dec-02	-1.23
10-Dec-02	1.99
09-Dec-02	1
06-Dec-02	-1.32
05-Dec-02	2.17
04-Dec-02	-2.16
03-Dec-02	0.22
02-Dec-02	1.3
27-Nov-02	1.86
26-Nov-02	1.11
25-Nov-02	-2.43
22-Nov-02	1.56
21-Nov-02	-2.34
20-Nov-02	2.12
19-Nov-02	-1.09
18-Nov-02	4.7
15-Nov-02	0.87
14-Nov-02	0.4
13-Nov-02	-2.74
12-Nov-02	-0.15
11-Nov-02	0.62
08-Nov-02	1.58
07-Nov-02	-1.51
06-Nov-02	-1.42
05-Nov-02	-3.01
04-Nov-02	-0.66
01-Nov-02	-0.33
31-Oct-02	1.53
30-Oct-02	-0.19
29-Oct-02	-1.58
28-Oct-02	0.89
25-Oct-02	-4.08
24-Oct-02	0.07
23-Oct-02	0.93
22-Oct-02	-1.59
21-Oct-02	-4.16
18-Oct-02	-0.07
17-Oct-02	0.51
16-Oct-02	-0.84
15-Oct-02	-1.03
14-Oct-02	2.25
11-Oct-02	1.38
10-Oct-02	-1.29
09-Oct-02	-0.44
08-Oct-02	-0.54
07-Oct-02	0.07
04-Oct-02	-0.47
03-Oct-02	-2.39
02-Oct-02	-1.1
01-Oct-02	1.25
30-Sep-02	-0.29
27-Sep-02	0.43
26-Sep-02	-0.75
25-Sep-02	-0.42
24-Sep-02	0.2
23-Sep-02	3.71
20-Sep-02	0.37
19-Sep-02	0.07
18-Sep-02	1.38
17-Sep-02	-1.99
16-Sep-02	-0.47
13-Sep-02	3.33
12-Sep-02	-3.09
11-Sep-02	0.13
10-Sep-02	0
09-Sep-02	0.41
06-Sep-02	2.17
05-Sep-02	2.51
04-Sep-02	1.73
03-Sep-02	-4.11
30-Aug-02	0.21
29-Aug-02	2.05
28-Aug-02	-1.7
27-Aug-02	-1.54
26-Aug-02	2.27
23-Aug-02	-0.73
22-Aug-02	-1.37
21-Aug-02	-2.89
20-Aug-02	0.9
19-Aug-02	1.74
16-Aug-02	0.93
15-Aug-02	3.23
14-Aug-02	0.9
13-Aug-02	0.14
12-Aug-02	3.72
09-Aug-02	0.71
08-Aug-02	0.64
07-Aug-02	-2.47
06-Aug-02	2.22
05-Aug-02	-0.97
02-Aug-02	1.4
01-Aug-02	-2.04
31-Jul-02	-1.24
30-Jul-02	3.05
29-Jul-02	0.04
26-Jul-02	-0.86
25-Jul-02	-0.37
24-Jul-02	2.13
23-Jul-02	-1.09
22-Jul-02	-4.42
19-Jul-02	0.94
18-Jul-02	-1.11
17-Jul-02	0.47
16-Jul-02	2.51
15-Jul-02	-1.49
12-Jul-02	2.42
11-Jul-02	0.22
10-Jul-02	2.61
09-Jul-02	0.08
08-Jul-02	-2.72
03-Jul-02	0.11
02-Jul-02	-0.15
01-Jul-02	-0.19
28-Jun-02	0
27-Jun-02	0.37
26-Jun-02	1.67
25-Jun-02	-0.57
24-Jun-02	2.52
21-Jun-02	1.14
20-Jun-02	0.87
19-Jun-02	-0.47
18-Jun-02	-2.53
17-Jun-02	0.58
14-Jun-02	1.17
13-Jun-02	4.06
12-Jun-02	2.16
11-Jun-02	-0.7
10-Jun-02	-1.86
07-Jun-02	-0.16
06-Jun-02	-0.4
05-Jun-02	-1.74
04-Jun-02	1
03-Jun-02	-0.91
31-May-02	2.59
30-May-02	-4.23
29-May-02	1.94
28-May-02	-2.36
24-May-02	-1.03
23-May-02	-0.83
22-May-02	-3.51
21-May-02	-3.53
20-May-02	0.53
17-May-02	0.82
16-May-02	-0.71
15-May-02	-4.12
14-May-02	3.45
13-May-02	1.39
10-May-02	1.12
09-May-02	-0.61
08-May-02	4.58
07-May-02	1.95
06-May-02	-1.88
03-May-02	1.45
02-May-02	-1.91
01-May-02	-1.98
30-Apr-02	-1.02
29-Apr-02	1.7
26-Apr-02	1.42
25-Apr-02	1.33
24-Apr-02	-0.9
23-Apr-02	1.33
22-Apr-02	-0.42
19-Apr-02	0.76
18-Apr-02	0.93
17-Apr-02	4.81
16-Apr-02	0.73
15-Apr-02	4.69
12-Apr-02	-6.08
11-Apr-02	-4.36
10-Apr-02	1.2
09-Apr-02	-2.71
08-Apr-02	1.26
05-Apr-02	-1.39
04-Apr-02	-3.56
03-Apr-02	-0.54
02-Apr-02	3.09
01-Apr-02	2.17
28-Mar-02	1.7
27-Mar-02	2.01
26-Mar-02	1.48
25-Mar-02	-1.42
22-Mar-02	-1.02
21-Mar-02	2.85
20-Mar-02	0.08
19-Mar-02	-0.92
18-Mar-02	2.45
15-Mar-02	-0.2
14-Mar-02	1.66
13-Mar-02	-0.17
12-Mar-02	-0.45
11-Mar-02	1.97
08-Mar-02	0.55
07-Mar-02	2.42
06-Mar-02	-0.09
05-Mar-02	3.21
04-Mar-02	0.22
01-Mar-02	3.04
28-Feb-02	2.11
27-Feb-02	-0.56
26-Feb-02	4.54
25-Feb-02	-2.8
22-Feb-02	0.57
21-Feb-02	3.25
20-Feb-02	-2.83
19-Feb-02	-2.88
15-Feb-02	1.27
14-Feb-02	0.24
13-Feb-02	2.17
12-Feb-02	-3.18
11-Feb-02	5.68
08-Feb-02	3.16
07-Feb-02	-0.71
06-Feb-02	-1.44
05-Feb-02	0
04-Feb-02	-1.52
01-Feb-02	4.62
31-Jan-02	2.1
30-Jan-02	-2.55
29-Jan-02	-2.34
28-Jan-02	0.3
25-Jan-02	1.47
24-Jan-02	1.03
23-Jan-02	6.32
22-Jan-02	1.89
18-Jan-02	0.17
17-Jan-02	-4.72
16-Jan-02	-0.21
15-Jan-02	0.05
14-Jan-02	-4.01
11-Jan-02	-3.43
10-Jan-02	0.99
09-Jan-02	-5.04
08-Jan-02	-1.07
07-Jan-02	-0.65
04-Jan-02	6.14
03-Jan-02	-3.05
02-Jan-02	5.9
31-Dec-01	-2.79
28-Dec-01	-2.34
27-Dec-01	-1.74
26-Dec-01	8.41
21-Dec-01	1.76
20-Dec-01	-2.63
19-Dec-01	2.27
18-Dec-01	0.73
17-Dec-01	-0.05
14-Dec-01	6.13
13-Dec-01	-1.31
12-Dec-01	1.55
11-Dec-01	-1.58
10-Dec-01	-3.52
07-Dec-01	2.7
06-Dec-01	-4.87
05-Dec-01	-0.81
04-Dec-01	-2.19
03-Dec-01	3.34
30-Nov-01	4.4
29-Nov-01	-3.12
28-Nov-01	-1.33
27-Nov-01	4.23
26-Nov-01	-1.42
21-Nov-01	-0.99
20-Nov-01	8.07
19-Nov-01	-1.72
16-Nov-01	3.32
15-Nov-01	-11.6
14-Nov-01	-8.91
13-Nov-01	2.22
12-Nov-01	-4.59
09-Nov-01	4.96
08-Nov-01	5.38
07-Nov-01	0.85
06-Nov-01	-0.5
05-Nov-01	-0.79
02-Nov-01	-1.03
01-Nov-01	-3.73
31-Oct-01	-3.16
30-Oct-01	-1.26
29-Oct-01	0.54
26-Oct-01	0.09
25-Oct-01	-1.43
24-Oct-01	2.2
23-Oct-01	0.41
22-Oct-01	-0.32
19-Oct-01	2.44
18-Oct-01	-2.29
17-Oct-01	-0.86
16-Oct-01	-1.3
15-Oct-01	-0.93
12-Oct-01	-3.6
11-Oct-01	3.6
10-Oct-01	0.22
09-Oct-01	0.13
08-Oct-01	0.27
05-Oct-01	-1.06
04-Oct-01	2.49
03-Oct-01	-3.12
02-Oct-01	-2.1
01-Oct-01	-0.64
28-Sep-01	3.03
27-Sep-01	1.61
26-Sep-01	2.61
25-Sep-01	-0.91
24-Sep-01	-15.25
21-Sep-01	-2.33
20-Sep-01	-0.49
19-Sep-01	-3.54
18-Sep-01	-3.85
17-Sep-01	-2.44
14-Sep-01	6.88
10-Sep-01	-1.43
07-Sep-01	1.63
06-Sep-01	2.34
05-Sep-01	0.07
04-Sep-01	-0.99
31-Aug-01	2.45
30-Aug-01	-1.85
29-Aug-01	-0.44
28-Aug-01	1.87
27-Aug-01	-0.86
24-Aug-01	1.01
23-Aug-01	0.99
22-Aug-01	-5.52
21-Aug-01	2.69
20-Aug-01	1.87
17-Aug-01	-2.63
16-Aug-01	-0.58
15-Aug-01	-1.61
14-Aug-01	0.68
13-Aug-01	-0.82
10-Aug-01	1.48
09-Aug-01	0.36
08-Aug-01	-1.43
07-Aug-01	0.72
06-Aug-01	0.43
03-Aug-01	-0.32
02-Aug-01	3.51
01-Aug-01	1.59
31-Jul-01	-1.05
30-Jul-01	-1.44
27-Jul-01	1.08
26-Jul-01	-0.41
25-Jul-01	2.01
24-Jul-01	0.73
23-Jul-01	2.07
20-Jul-01	3.6
19-Jul-01	-0.76
18-Jul-01	-2.66
17-Jul-01	-1.88
16-Jul-01	-1.99
13-Jul-01	-0.78
12-Jul-01	-1.14
11-Jul-01	-1.38
10-Jul-01	-0.36
09-Jul-01	-2.2
06-Jul-01	4.4
05-Jul-01	2.97
03-Jul-01	1.12
02-Jul-01	-1.14
29-Jun-01	2.7
28-Jun-01	-0.2
27-Jun-01	-5.08
26-Jun-01	-0.99
25-Jun-01	1.57
22-Jun-01	1.02
21-Jun-01	0.23
20-Jun-01	-3.57
19-Jun-01	-0.25
18-Jun-01	-3.37
15-Jun-01	-1.83
14-Jun-01	0.69
13-Jun-01	-1.17
12-Jun-01	0.48
11-Jun-01	2.51
08-Jun-01	2.09
07-Jun-01	0.11
06-Jun-01	-1.84
05-Jun-01	0.39
04-Jun-01	0.72
01-Jun-01	-1.55
31-May-01	-0.63
30-May-01	-0.38
29-May-01	0.99
25-May-01	-0.11
24-May-01	-3.96
23-May-01	-0.54
22-May-01	-0.8
21-May-01	0.23
18-May-01	3.46
17-May-01	0.17
16-May-01	-0.41
15-May-01	0.94
14-May-01	0.56
11-May-01	0.11
10-May-01	1.03
09-May-01	3.07
08-May-01	-1.37
07-May-01	-2.08
04-May-01	-0.32
03-May-01	2.34
02-May-01	-3.94
01-May-01	1.69
30-Apr-01	0.67
27-Apr-01	-0.6
26-Apr-01	4.21
25-Apr-01	1.6
24-Apr-01	-2.72
23-Apr-01	1.21
20-Apr-01	-1.94
19-Apr-01	-0.47
18-Apr-01	-1.03
17-Apr-01	-1.91
16-Apr-01	1.91
12-Apr-01	0.25
11-Apr-01	-1.05
10-Apr-01	4.4
09-Apr-01	0.81
06-Apr-01	-0.73
05-Apr-01	0.52
04-Apr-01	3.55
03-Apr-01	2.34
02-Apr-01	-2.66
30-Mar-01	-0.11
29-Mar-01	0.04
28-Mar-01	-5.19
27-Mar-01	0.98
26-Mar-01	0.66
23-Mar-01	2.86
22-Mar-01	-0.97
21-Mar-01	3.24
20-Mar-01	-0.73
19-Mar-01	-2.21
16-Mar-01	0.72
15-Mar-01	0.53
14-Mar-01	-4.28
13-Mar-01	-1.46
12-Mar-01	-0.04
09-Mar-01	-1.34
08-Mar-01	-2.1
07-Mar-01	2.4
06-Mar-01	-0.98
05-Mar-01	2.73
02-Mar-01	0.8
01-Mar-01	0.84
28-Feb-01	-2.63
27-Feb-01	-1.02
26-Feb-01	-2.13
23-Feb-01	0.76
22-Feb-01	1.02
21-Feb-01	-0.17
20-Feb-01	-1.99
16-Feb-01	1.25
15-Feb-01	-3.06
14-Feb-01	-2.14
13-Feb-01	-0.49
12-Feb-01	-1.68
09-Feb-01	-1.77
08-Feb-01	1.02
07-Feb-01	3.03
06-Feb-01	-0.65
05-Feb-01	-2.05
02-Feb-01	4.59
01-Feb-01	4.05
31-Jan-01	-1.38
30-Jan-01	0
29-Jan-01	-2.38
26-Jan-01	1.4
25-Jan-01	1.07
24-Jan-01	-1.76
23-Jan-01	-8.14
22-Jan-01	0
19-Jan-01	5.71
18-Jan-01	2.87
17-Jan-01	-2.28
16-Jan-01	0.8
12-Jan-01	2.18
11-Jan-01	-0.24
10-Jan-01	6.66
09-Jan-01	1.17
08-Jan-01	-2.25
05-Jan-01	-0.68
04-Jan-01	0.5
03-Jan-01	2.9
02-Jan-01	1.53
29-Dec-00	3.68
28-Dec-00	-2.34
27-Dec-00	-0.64
26-Dec-00	1.76
22-Dec-00	0.77
21-Dec-00	0.81
20-Dec-00	-12.14
19-Dec-00	-1.44
18-Dec-00	3.08
15-Dec-00	3.14
14-Dec-00	-2.61
13-Dec-00	-3.17
12-Dec-00	0.61
11-Dec-00	3.73
08-Dec-00	-3.1
07-Dec-00	-1.68
06-Dec-00	1.08
05-Dec-00	-5.41
04-Dec-00	-2.5
01-Dec-00	-5.32
30-Nov-00	-2.34
29-Nov-00	1.2
28-Nov-00	-3.28
27-Nov-00	-0.06
22-Nov-00	0.68
21-Nov-00	-0.17
20-Nov-00	-0.65
17-Nov-00	0.94
16-Nov-00	-1.29
15-Nov-00	2.04
14-Nov-00	1.16
13-Nov-00	1.32
10-Nov-00	0.29
09-Nov-00	2.05
08-Nov-00	-0.48
07-Nov-00	1.64
06-Nov-00	0.46
03-Nov-00	0.52
02-Nov-00	-2.14
01-Nov-00	1.68
31-Oct-00	-0.34
30-Oct-00	0.21
27-Oct-00	-2.88
26-Oct-00	2.28
25-Oct-00	-1.23
24-Oct-00	-1.16
23-Oct-00	0.03
20-Oct-00	2.55
19-Oct-00	-1.7
18-Oct-00	1.49
17-Oct-00	0.21
16-Oct-00	-5.92
13-Oct-00	-2.97
12-Oct-00	8.45
11-Oct-00	0.21
10-Oct-00	4.14
09-Oct-00	3.24
06-Oct-00	1.08
05-Oct-00	-2.86
04-Oct-00	-2
03-Oct-00	-0.34
02-Oct-00	4.35
29-Sep-00	1.65
28-Sep-00	-3.56
27-Sep-00	-0.13
26-Sep-00	-0.22
25-Sep-00	-3.4
22-Sep-00	-3.88
21-Sep-00	-8.6
20-Sep-00	1.89
19-Sep-00	-1
18-Sep-00	2.67
15-Sep-00	5.43
14-Sep-00	0.74
13-Sep-00	-1.34
12-Sep-00	-2.45
11-Sep-00	4.49
08-Sep-00	-4.97
07-Sep-00	1.4
06-Sep-00	3.16
05-Sep-00	1.35
01-Sep-00	0.79
31-Aug-00	-0.6
30-Aug-00	1.77
29-Aug-00	-0.4
28-Aug-00	2.62
25-Aug-00	1.26
24-Aug-00	-1.22
23-Aug-00	2.56
22-Aug-00	-3.85
21-Aug-00	1.5
18-Aug-00	0.16
17-Aug-00	0.44
16-Aug-00	0.41
15-Aug-00	-0.85
14-Aug-00	2.97
11-Aug-00	-1.02
10-Aug-00	3.26
09-Aug-00	4.22
08-Aug-00	0.73
07-Aug-00	-3.5
04-Aug-00	4.54
03-Aug-00	1.42
02-Aug-00	1.69
01-Aug-00	1.31
31-Jul-00	-2.66
28-Jul-00	0.57
27-Jul-00	0.76
26-Jul-00	-0.5
25-Jul-00	-0.25
24-Jul-00	-1.89
21-Jul-00	-7.66
20-Jul-00	-1.56
19-Jul-00	-1.63
18-Jul-00	3.6
17-Jul-00	-1.82
14-Jul-00	-0.22
13-Jul-00	3.79
12-Jul-00	2.09
11-Jul-00	0.03
10-Jul-00	-1.95
07-Jul-00	0.97
06-Jul-00	-2.22
05-Jul-00	-5.63
30-Jun-00	-0.67
29-Jun-00	2.57
28-Jun-00	-0.5
27-Jun-00	1.36
26-Jun-00	-1.92
23-Jun-00	0.19
22-Jun-00	2.61
21-Jun-00	-5.08
20-Jun-00	4.29
19-Jun-00	-1.98
16-Jun-00	-1.88
15-Jun-00	0.3
14-Jun-00	0.89
13-Jun-00	2.58
12-Jun-00	5.1
09-Jun-00	1.41
08-Jun-00	-0.57
07-Jun-00	0.67
06-Jun-00	0.17
05-Jun-00	-2.14
02-Jun-00	0.7
01-Jun-00	3.9
31-May-00	-4.42
30-May-00	1.17
26-May-00	-1.67
25-May-00	1.94
24-May-00	4
23-May-00	0.59
22-May-00	-4.28
19-May-00	-1.45
18-May-00	3.44
17-May-00	-1.38
16-May-00	-0.64
15-May-00	1.01
12-May-00	1.75
11-May-00	3.59
10-May-00	-1.92
09-May-00	1.99
08-May-00	2.93
05-May-00	1.15
04-May-00	0.86
03-May-00	-0.52
02-May-00	3.94
01-May-00	0.51
28-Apr-00	1.26
27-Apr-00	3.12
26-Apr-00	-2.68
25-Apr-00	-2.73
24-Apr-00	0.62
20-Apr-00	-5.37
19-Apr-00	4.75
18-Apr-00	0.85
17-Apr-00	1.25
14-Apr-00	0.75
13-Apr-00	-0.12
12-Apr-00	5.26
11-Apr-00	1.22
10-Apr-00	-4.75
07-Apr-00	-2.53
06-Apr-00	-0.54
05-Apr-00	1.49
04-Apr-00	-3.71
03-Apr-00	-1.75
31-Mar-00	0.75
30-Mar-00	0.95
29-Mar-00	-2.36
28-Mar-00	-2.52
27-Mar-00	-0.82
24-Mar-00	2.6
23-Mar-00	-0.55
22-Mar-00	-1.93
21-Mar-00	-4.86
20-Mar-00	-4.79
17-Mar-00	-0.58
16-Mar-00	1.2
15-Mar-00	-3.06
14-Mar-00	-1.03
13-Mar-00	0.82
10-Mar-00	0.22
09-Mar-00	1.38
08-Mar-00	-8.41
07-Mar-00	6.06
06-Mar-00	2.13
03-Mar-00	-0.57
02-Mar-00	-0.25
01-Mar-00	4.4
29-Feb-00	1
28-Feb-00	-0.72
25-Feb-00	1.27
24-Feb-00	1.97
23-Feb-00	-0.78
22-Feb-00	0.37
18-Feb-00	0.17
17-Feb-00	-1.96
16-Feb-00	-0.03
15-Feb-00	-0.63
14-Feb-00	2.75
11-Feb-00	0.03
10-Feb-00	2.29
09-Feb-00	2.68
08-Feb-00	-1.51
07-Feb-00	-1.28
04-Feb-00	2.82
03-Feb-00	1.74
02-Feb-00	-2.37
01-Feb-00	2.1
31-Jan-00	1.54
28-Jan-00	-0.37
27-Jan-00	-1.87
26-Jan-00	-1.56
25-Jan-00	1.62
24-Jan-00	-1.31
21-Jan-00	-4.92
20-Jan-00	0.41
19-Jan-00	2.39
18-Jan-00	2.96
14-Jan-00	4.98
13-Jan-00	1.56
12-Jan-00	1.98
11-Jan-00	4.46
10-Jan-00	1.86
07-Jan-00	-2.26
06-Jan-00	-0.52
05-Jan-00	-2.5
04-Jan-00	-0.2
