Date	SP500Change %
03-Jan-18	0.67
02-Jan-18	0.46
01-Jan-18	0.18
29-Dec-17	-0.36
28-Dec-17	0.01
27-Dec-17	-0.06
26-Dec-17	-0.05
25-Dec-17	0.08
22-Dec-17	-0.07
21-Dec-17	0.23
20-Dec-17	-0.09
19-Dec-17	-0.39
18-Dec-17	0.95
15-Dec-17	0.59
14-Dec-17	-0.5
13-Dec-17	0.06
12-Dec-17	0.13
11-Dec-17	0.4
08-Dec-17	0.44
07-Dec-17	0.39
06-Dec-17	0.04
05-Dec-17	-0.38
04-Dec-17	-0.22
01-Dec-17	-0.15
30-Nov-17	0.88
29-Nov-17	-0.04
28-Nov-17	0.93
27-Nov-17	0.03
24-Nov-17	0.23
23-Nov-17	0.02
22-Nov-17	-0.07
21-Nov-17	0.55
20-Nov-17	0.22
17-Nov-17	-0.34
16-Nov-17	0.78
15-Nov-17	-0.5
14-Nov-17	-0.15
13-Nov-17	0.1
10-Nov-17	-0.17
09-Nov-17	-0.27
08-Nov-17	0.16
07-Nov-17	-0.08
06-Nov-17	0.23
03-Nov-17	0.23
02-Nov-17	0.08
01-Nov-17	0.08
31-Oct-17	0.18
30-Oct-17	-0.4
27-Oct-17	0.66
26-Oct-17	0.12
25-Oct-17	-0.34
24-Oct-17	0.15
23-Oct-17	-0.41
20-Oct-17	0.53
19-Oct-17	0.02
18-Oct-17	0.12
17-Oct-17	0.03
16-Oct-17	0.14
13-Oct-17	0.13
12-Oct-17	-0.14
11-Oct-17	0.18
10-Oct-17	0.19
09-Oct-17	-0.05
06-Oct-17	-0.2
05-Oct-17	0.54
04-Oct-17	0.14
03-Oct-17	0.26
02-Oct-17	0.41
29-Sep-17	0.33
28-Sep-17	0.13
27-Sep-17	0.36
26-Sep-17	-0.06
25-Sep-17	-0.1
22-Sep-17	-0.06
21-Sep-17	-0.17
20-Sep-17	0.02
19-Sep-17	0.08
18-Sep-17	0.24
15-Sep-17	0.01
14-Sep-17	0
13-Sep-17	0.02
12-Sep-17	0.34
11-Sep-17	1.02
08-Sep-17	-0.16
07-Sep-17	0.04
06-Sep-17	0.23
05-Sep-17	-0.4
04-Sep-17	0.2
03-Sep-17	-0.38
01-Sep-17	0.17
31-Aug-17	0.58
30-Aug-17	0.36
29-Aug-17	0.13
28-Aug-17	0.05
25-Aug-17	0.07
24-Aug-17	-0.03
23-Aug-17	-0.46
22-Aug-17	1.02
21-Aug-17	0.05
18-Aug-17	-0.11
17-Aug-17	-1.54
16-Aug-17	0.15
15-Aug-17	0.01
14-Aug-17	0.96
11-Aug-17	0.1
10-Aug-17	-1.44
09-Aug-17	0.01
08-Aug-17	-0.19
07-Aug-17	0.22
04-Aug-17	0.01
03-Aug-17	-0.07
02-Aug-17	0.05
01-Aug-17	0.17
31-Jul-17	-0.09
28-Jul-17	-0.07
27-Jul-17	-0.05
26-Jul-17	-0.03
25-Jul-17	0.22
24-Jul-17	-0.04
21-Jul-17	-0.07
20-Jul-17	-0.01
19-Jul-17	0.56
18-Jul-17	-0.03
17-Jul-17	0.1
14-Jul-17	0.43
13-Jul-17	0.23
12-Jul-17	0.64
11-Jul-17	0
10-Jul-17	0.08
07-Jul-17	0.58
06-Jul-17	-0.8
05-Jul-17	0.18
04-Jul-17	-0.05
03-Jul-17	0.17
30-Jun-17	0.04
29-Jun-17	-0.76
28-Jun-17	0.74
27-Jun-17	-0.64
26-Jun-17	0.04
23-Jun-17	0.13
22-Jun-17	-0.07
21-Jun-17	-0.16
20-Jun-17	-0.41
19-Jun-17	0.52
16-Jun-17	0.03
15-Jun-17	-0.12
14-Jun-17	-0.11
13-Jun-17	0.47
12-Jun-17	-0.08
09-Jun-17	-0.08
08-Jun-17	0.02
07-Jun-17	0.05
06-Jun-17	-0.15
05-Jun-17	-0.13
02-Jun-17	0.34
01-Jun-17	0.77
31-May-17	0.01
30-May-17	-0.14
29-May-17	-0.05
28-May-17	0.07
26-May-17	0.01
25-May-17	0.48
24-May-17	0.17
23-May-17	0.22
22-May-17	0.47
19-May-17	0.76
18-May-17	0.25
17-May-17	-1.65
16-May-17	-0.06
15-May-17	0.41
12-May-17	-0.09
11-May-17	-0.18
10-May-17	0.08
09-May-17	-0.07
08-May-17	-0.11
05-May-17	0.51
04-May-17	0.09
03-May-17	-0.1
02-May-17	-0.05
01-May-17	0.27
28-Apr-17	-0.23
27-Apr-17	0.16
26-Apr-17	-0.12
25-Apr-17	0.63
24-Apr-17	0.96
21-Apr-17	-0.19
20-Apr-17	0.78
19-Apr-17	-0.15
18-Apr-17	-0.33
17-Apr-17	0.75
13-Apr-17	-0.57
12-Apr-17	-0.44
11-Apr-17	-0.06
10-Apr-17	0.01
07-Apr-17	-0.06
06-Apr-17	0.31
05-Apr-17	-0.42
04-Apr-17	0.02
03-Apr-17	-0.14
31-Mar-17	-0.22
30-Mar-17	0.32
29-Mar-17	0.23
28-Mar-17	0.56
27-Mar-17	-0.27
24-Mar-17	0.2
23-Mar-17	-0.11
22-Mar-17	0.01
21-Mar-17	-1.18
20-Mar-17	-0.65
17-Mar-17	0.13
16-Mar-17	-0.04
15-Mar-17	0.73
14-Mar-17	-0.36
13-Mar-17	0.14
10-Mar-17	0.23
09-Mar-17	0.1
08-Mar-17	-0.11
07-Mar-17	-0.38
06-Mar-17	-0.24
03-Mar-17	-0.03
02-Mar-17	-0.48
01-Mar-17	1.3
28-Feb-17	-0.23
27-Feb-17	0.14
24-Feb-17	0.1
23-Feb-17	0.07
22-Feb-17	0.04
21-Feb-17	0.29
20-Feb-17	0.24
19-Feb-17	-0.02
17-Feb-17	0.11
16-Feb-17	-0.21
15-Feb-17	0.58
14-Feb-17	0.46
13-Feb-17	0.58
10-Feb-17	0.37
09-Feb-17	0.61
08-Feb-17	0.08
07-Feb-17	0.09
06-Feb-17	-0.2
03-Feb-17	0.68
02-Feb-17	0.04
01-Feb-17	0
31-Jan-17	-0.07
30-Jan-17	-0.57
27-Jan-17	-0.22
26-Jan-17	0
25-Jan-17	0.86
24-Jan-17	0.55
23-Jan-17	-0.18
20-Jan-17	0.2
19-Jan-17	-0.22
18-Jan-17	0.17
17-Jan-17	-0.15
16-Jan-17	-0.1
15-Jan-17	-0.18
13-Jan-17	0.4
12-Jan-17	-0.31
11-Jan-17	0.3
10-Jan-17	-0.06
09-Jan-17	-0.29
06-Jan-17	0.32
05-Jan-17	0
04-Jan-17	0.52
03-Jan-17	0.41
02-Jan-17	0.31
30-Dec-16	-0.39
29-Dec-16	-0.01
28-Dec-16	-0.7
27-Dec-16	0.09
26-Dec-16	-0.04
23-Dec-16	0.06
22-Dec-16	-0.08
21-Dec-16	-0.26
20-Dec-16	0.29
19-Dec-16	-0.38
16-Dec-16	0.23
15-Dec-16	0.29
14-Dec-16	-0.71
13-Dec-16	0.76
12-Dec-16	-0.18
09-Dec-16	0.54
08-Dec-16	0.49
07-Dec-16	1.21
06-Dec-16	0.26
05-Dec-16	0.56
02-Dec-16	0
01-Dec-16	-0.31
30-Nov-16	-0.23
29-Nov-16	0.14
28-Nov-16	-0.47
25-Nov-16	0.26
24-Nov-16	0.22
23-Nov-16	0.02
22-Nov-16	0.33
21-Nov-16	0.56
18-Nov-16	-0.16
17-Nov-16	0.53
16-Nov-16	-0.3
15-Nov-16	0.87
14-Nov-16	-0.05
11-Nov-16	-0.27
10-Nov-16	0.32
09-Nov-16	1.16
08-Nov-16	0.31
07-Nov-16	2.36
04-Nov-16	-0.17
03-Nov-16	-0.42
02-Nov-16	-0.55
01-Nov-16	-0.77
31-Oct-16	-0.18
28-Oct-16	0.01
27-Oct-16	-0.49
26-Oct-16	-0.19
25-Oct-16	-0.29
24-Oct-16	0.45
21-Oct-16	-0.11
20-Oct-16	-0.05
19-Oct-16	0.28
18-Oct-16	0.42
17-Oct-16	-0.19
14-Oct-16	0.04
13-Oct-16	-0.25
12-Oct-16	-0.14
11-Oct-16	-1.13
10-Oct-16	0.58
07-Oct-16	-0.46
06-Oct-16	0.15
05-Oct-16	0.4
04-Oct-16	-0.39
03-Oct-16	-0.34
30-Sep-16	0.56
29-Sep-16	-0.68
28-Sep-16	0.49
27-Sep-16	0.61
26-Sep-16	-0.85
23-Sep-16	-0.47
22-Sep-16	0.56
21-Sep-16	1.18
20-Sep-16	-0.09
19-Sep-16	-0.33
16-Sep-16	-0.23
15-Sep-16	1.17
14-Sep-16	-0.4
13-Sep-16	-1.38
12-Sep-16	1.68
09-Sep-16	-2.51
08-Sep-16	-0.32
07-Sep-16	0
06-Sep-16	0.3
05-Sep-16	-0.13
04-Sep-16	0.13
02-Sep-16	0.5
01-Sep-16	-0.1
31-Aug-16	-0.26
30-Aug-16	-0.18
29-Aug-16	0.5
26-Aug-16	-0.23
25-Aug-16	-0.07
24-Aug-16	-0.47
23-Aug-16	0.17
22-Aug-16	-0.01
19-Aug-16	-0.08
18-Aug-16	0.17
17-Aug-16	0.14
16-Aug-16	-0.42
15-Aug-16	0.26
12-Aug-16	-0.07
11-Aug-16	0.41
10-Aug-16	-0.22
09-Aug-16	0.09
08-Aug-16	-0.06
05-Aug-16	0.81
04-Aug-16	0.1
03-Aug-16	0.2
02-Aug-16	-0.54
01-Aug-16	-0.17
29-Jul-16	0.16
28-Jul-16	0.2
27-Jul-16	-0.13
26-Jul-16	0.05
25-Jul-16	-0.24
22-Jul-16	0.44
21-Jul-16	-0.44
20-Jul-16	0.41
19-Jul-16	-0.06
18-Jul-16	0.34
15-Jul-16	-0.21
14-Jul-16	0.52
13-Jul-16	0.01
12-Jul-16	0.73
11-Jul-16	0.46
08-Jul-16	1.36
07-Jul-16	-0.1
06-Jul-16	0.54
05-Jul-16	-0.67
04-Jul-16	0.13
03-Jul-16	-0.1
01-Jul-16	0.29
30-Jun-16	1.14
29-Jun-16	1.89
28-Jun-16	2.19
27-Jun-16	-1.66
24-Jun-16	-4.14
23-Jun-16	1.4
22-Jun-16	-0.18
21-Jun-16	0.3
20-Jun-16	-0.23
17-Jun-16	-0.01
16-Jun-16	0.36
15-Jun-16	-0.13
14-Jun-16	-0.2
13-Jun-16	-0.83
10-Jun-16	-0.85
09-Jun-16	-0.18
08-Jun-16	0.37
07-Jun-16	0.09
06-Jun-16	0.5
03-Jun-16	-0.29
02-Jun-16	0.27
01-Jun-16	0.14
31-May-16	-0.3
30-May-16	-0.01
29-May-16	0.2
27-May-16	0.36
26-May-16	0.12
25-May-16	0.59
24-May-16	1.45
23-May-16	-0.23
20-May-16	0.55
19-May-16	-0.13
18-May-16	-0.1
17-May-16	-0.93
16-May-16	0.94
13-May-16	-0.74
12-May-16	0.04
11-May-16	-0.94
10-May-16	1.13
09-May-16	0.07
06-May-16	0.43
05-May-16	-0.15
04-May-16	-0.49
03-May-16	-0.83
02-May-16	0.74
29-Apr-16	-0.65
28-Apr-16	-0.87
27-Apr-16	0.11
26-Apr-16	0.25
25-Apr-16	-0.13
22-Apr-16	0.16
21-Apr-16	-0.73
20-Apr-16	0.2
19-Apr-16	0.34
18-Apr-16	0.57
15-Apr-16	-0.07
14-Apr-16	0.02
13-Apr-16	0.99
12-Apr-16	1.04
11-Apr-16	-0.31
08-Apr-16	0.28
07-Apr-16	-1.23
06-Apr-16	1.05
05-Apr-16	-0.91
04-Apr-16	-0.36
01-Apr-16	0.66
31-Mar-16	-0.18
30-Mar-16	0.38
29-Mar-16	0.96
28-Mar-16	-0.02
24-Mar-16	-0.01
23-Mar-16	-0.67
22-Mar-16	-0.01
21-Mar-16	-0.36
18-Mar-16	0.51
17-Mar-16	0.63
16-Mar-16	0.56
15-Mar-16	-0.15
14-Mar-16	-0.06
11-Mar-16	1.57
10-Mar-16	-0.01
09-Mar-16	0.4
08-Mar-16	-0.9
07-Mar-16	0.2
04-Mar-16	0.23
03-Mar-16	0.35
02-Mar-16	0.28
01-Mar-16	2.51
29-Feb-16	-0.68
26-Feb-16	-0.4
25-Feb-16	1.05
24-Feb-16	0.74
23-Feb-16	-1.05
22-Feb-16	1.14
19-Feb-16	-0.1
18-Feb-16	-0.33
17-Feb-16	1.8
16-Feb-16	0.29
15-Feb-16	0.74
14-Feb-16	0.61
12-Feb-16	1.85
11-Feb-16	-1.2
10-Feb-16	-0.08
09-Feb-16	-0.2
08-Feb-16	-1.24
05-Feb-16	-1.7
04-Feb-16	-0.04
03-Feb-16	0.58
02-Feb-16	-1.75
01-Feb-16	0.06
29-Jan-16	2.62
28-Jan-16	0.31
27-Jan-16	-1.11
26-Jan-16	1.38
25-Jan-16	-1.53
22-Jan-16	2.06
21-Jan-16	0.32
20-Jan-16	-0.96
19-Jan-16	-0.07
18-Jan-16	0.29
17-Jan-16	-0.33
15-Jan-16	-2.06
14-Jan-16	1.75
13-Jan-16	-2.26
12-Jan-16	0.56
11-Jan-16	0.14
08-Jan-16	-1.11
07-Jan-16	-2.67
06-Jan-16	-1.28
05-Jan-16	0.14
04-Jan-16	-1.3
31-Dec-15	-0.92
30-Dec-15	-0.88
29-Dec-15	1.17
28-Dec-15	-0.12
24-Dec-15	-0.09
23-Dec-15	0.83
22-Dec-15	1.04
21-Dec-15	-0.73
18-Dec-15	-0.22
17-Dec-15	-1.82
16-Dec-15	1.3
15-Dec-15	1.34
14-Dec-15	0.44
11-Dec-15	-1.93
10-Dec-15	0.36
09-Dec-15	-0.81
08-Dec-15	-1.07
07-Dec-15	-0.36
04-Dec-15	1.82
03-Dec-15	-1.45
02-Dec-15	-0.88
01-Dec-15	0.97
30-Nov-15	-0.49
27-Nov-15	-0.27
26-Nov-15	0.37
25-Nov-15	0.16
24-Nov-15	0.02
23-Nov-15	-0.22
20-Nov-15	0.46
19-Nov-15	-0.02
18-Nov-15	1.5
17-Nov-15	0.05
16-Nov-15	1.46
13-Nov-15	-1.08
12-Nov-15	-1.38
11-Nov-15	-0.43
10-Nov-15	0.24
09-Nov-15	-0.99
06-Nov-15	-0.01
05-Nov-15	-0.04
04-Nov-15	-0.39
03-Nov-15	0.36
02-Nov-15	1.05
30-Oct-15	-0.44
29-Oct-15	-0.07
28-Oct-15	1.16
27-Oct-15	-0.08
26-Oct-15	-0.18
23-Oct-15	0.63
22-Oct-15	2.22
21-Oct-15	-0.59
20-Oct-15	-0.35
19-Oct-15	0.1
16-Oct-15	0.32
15-Oct-15	1.76
14-Oct-15	-0.5
13-Oct-15	-0.85
12-Oct-15	0.17
09-Oct-15	0.05
08-Oct-15	0.97
07-Oct-15	0.95
06-Oct-15	-0.32
05-Oct-15	1.63
02-Oct-15	1.37
01-Oct-15	0.42
30-Sep-15	1.83
29-Sep-15	0.13
28-Sep-15	-2.46
25-Sep-15	0.03
24-Sep-15	-0.51
23-Sep-15	-0.18
22-Sep-15	-1.58
21-Sep-15	-0.36
18-Sep-15	-0.89
17-Sep-15	-0.53
16-Sep-15	0.93
15-Sep-15	1.32
14-Sep-15	-0.32
11-Sep-15	0.55
10-Sep-15	0.35
09-Sep-15	-1.17
08-Sep-15	1.38
07-Sep-15	0.69
06-Sep-15	0.21
04-Sep-15	-1.25
03-Sep-15	-0.05
02-Sep-15	1.62
01-Sep-15	-2.7
31-Aug-15	-1.03
28-Aug-15	0.03
27-Aug-15	2.64
26-Aug-15	3.48
25-Aug-15	0.08
24-Aug-15	-5.08
21-Aug-15	-2.67
20-Aug-15	-2.28
19-Aug-15	-1.01
18-Aug-15	-0.25
17-Aug-15	0.47
14-Aug-15	0.43
13-Aug-15	-0.18
12-Aug-15	0.22
11-Aug-15	-0.95
10-Aug-15	1.27
07-Aug-15	-0.29
06-Aug-15	-0.68
05-Aug-15	0.52
04-Aug-15	-0.38
03-Aug-15	-0.36
31-Jul-15	-0.25
30-Jul-15	0.11
29-Jul-15	0.68
28-Jul-15	1.1
27-Jul-15	-0.63
24-Jul-15	-1
23-Jul-15	-0.45
22-Jul-15	-0.31
21-Jul-15	-0.35
20-Jul-15	0.15
17-Jul-15	0.08
16-Jul-15	0.61
15-Jul-15	0.11
14-Jul-15	0.36
13-Jul-15	1.23
10-Jul-15	1.36
09-Jul-15	0.1
08-Jul-15	-1.66
07-Jul-15	0.45
06-Jul-15	-0.08
03-Jul-15	-0.13
02-Jul-15	-0.11
01-Jul-15	0.8
30-Jun-15	0.2
29-Jun-15	-2.16
26-Jun-15	0.08
25-Jun-15	-0.26
24-Jun-15	-0.8
23-Jun-15	0.18
22-Jun-15	-0.21
19-Jun-15	-0.28
18-Jun-15	1.22
17-Jun-15	0
16-Jun-15	0.65
15-Jun-15	-0.43
12-Jun-15	-0.77
11-Jun-15	0.11
10-Jun-15	1.3
09-Jun-15	0.08
08-Jun-15	-0.67
05-Jun-15	-0.32
04-Jun-15	-0.8
03-Jun-15	0.44
02-Jun-15	-0.12
01-Jun-15	0.15
29-May-15	-0.74
28-May-15	0.04
27-May-15	0.76
26-May-15	-0.82
25-May-15	-0.12
24-May-15	0.02
22-May-15	-0.16
21-May-15	0.26
20-May-15	-0.09
19-May-15	-0.07
18-May-15	0.33
15-May-15	0.07
14-May-15	1.1
13-May-15	-0.02
12-May-15	-0.13
11-May-15	-0.51
08-May-15	1.16
07-May-15	0.48
06-May-15	-0.47
05-May-15	-1.2
04-May-15	0.37
01-May-15	1.08
30-Apr-15	-0.95
29-Apr-15	-0.62
28-Apr-15	0.34
27-Apr-15	-0.33
24-Apr-15	0.23
23-Apr-15	0.32
22-Apr-15	0.44
21-Apr-15	0
20-Apr-15	0.75
17-Apr-15	-1.2
16-Apr-15	0.05
15-Apr-15	0.42
14-Apr-15	0.22
13-Apr-15	-0.43
10-Apr-15	0.47
09-Apr-15	0.47
08-Apr-15	0.4
07-Apr-15	-0.27
06-Apr-15	0.67
03-Apr-15	0
02-Apr-15	0.32
01-Apr-15	-0.38
31-Mar-15	-0.71
30-Mar-15	1.12
27-Mar-15	0.2
26-Mar-15	-0.26
25-Mar-15	-1.5
24-Mar-15	-0.47
23-Mar-15	-0.2
20-Mar-15	0.41
19-Mar-15	-0.48
18-Mar-15	1.25
17-Mar-15	-0.1
16-Mar-15	1.31
13-Mar-15	-0.69
12-Mar-15	1.2
11-Mar-15	-0.12
10-Mar-15	-1.72
09-Mar-15	0.34
06-Mar-15	-1.38
05-Mar-15	0.16
04-Mar-15	-0.39
03-Mar-15	-0.44
02-Mar-15	0.54
27-Feb-15	-0.34
26-Feb-15	-0.01
25-Feb-15	-0.17
24-Feb-15	0.33
23-Feb-15	-0.01
20-Feb-15	0.56
19-Feb-15	-0.01
18-Feb-15	-0.02
17-Feb-15	0.57
16-Feb-15	-0.26
15-Feb-15	-0.18
13-Feb-15	0.46
12-Feb-15	0.88
11-Feb-15	0.17
10-Feb-15	0.97
09-Feb-15	-0.51
06-Feb-15	-0.1
05-Feb-15	1.23
04-Feb-15	-0.59
03-Feb-15	1.24
02-Feb-15	1.43
30-Jan-15	-1.49
29-Jan-15	1.36
28-Jan-15	-1.9
27-Jan-15	-1.14
26-Jan-15	0.46
23-Jan-15	-0.61
22-Jan-15	1.48
21-Jan-15	0.48
20-Jan-15	0.34
19-Jan-15	-0.03
18-Jan-15	-0.12
16-Jan-15	1.21
15-Jan-15	-0.92
14-Jan-15	-0.42
13-Jan-15	-0.32
12-Jan-15	-0.63
09-Jan-15	-0.96
08-Jan-15	1.76
07-Jan-15	1.25
06-Jan-15	-1.07
05-Jan-15	-1.48
02-Jan-15	-0.62
01-Jan-15	0.31
31-Dec-14	-1.17
30-Dec-14	-0.43
29-Dec-14	0.07
26-Dec-14	0.1
25-Dec-14	0.16
24-Dec-14	-0.01
23-Dec-14	0.31
22-Dec-14	0.56
19-Dec-14	-0.19
18-Dec-14	2.52
17-Dec-14	2.17
16-Dec-14	-0.93
15-Dec-14	-0.36
12-Dec-14	-1.66
11-Dec-14	0.22
10-Dec-14	-1.51
09-Dec-14	-0.1
08-Dec-14	-0.79
05-Dec-14	0.19
04-Dec-14	-0.02
03-Dec-14	0.31
02-Dec-14	0.74
01-Dec-14	-0.75
28-Nov-14	-0.23
27-Nov-14	-0.06
26-Nov-14	0.23
25-Nov-14	0
24-Nov-14	0.28
21-Nov-14	0.48
20-Nov-14	0.23
19-Nov-14	-0.06
18-Nov-14	0.43
17-Nov-14	0.09
14-Nov-14	0.2
13-Nov-14	-0.1
12-Nov-14	-0.02
11-Nov-14	0.12
10-Nov-14	0.39
07-Nov-14	-0.1
06-Nov-14	0.46
05-Nov-14	0.66
04-Nov-14	-0.27
03-Nov-14	-0.02
31-Oct-14	1.16
30-Oct-14	0.82
29-Oct-14	-0.39
28-Oct-14	1.18
27-Oct-14	-0.14
24-Oct-14	0.71
23-Oct-14	1.09
22-Oct-14	-0.67
21-Oct-14	2
20-Oct-14	1.01
17-Oct-14	1.65
16-Oct-14	0.2
15-Oct-14	-1.49
14-Oct-14	0.5
13-Oct-14	-1.52
10-Oct-14	-1.6
09-Oct-14	-1.87
08-Oct-14	1.75
07-Oct-14	-1.43
06-Oct-14	-0.22
03-Oct-14	1.12
02-Oct-14	-0.12
01-Oct-14	-1.26
30-Sep-14	-0.2
29-Sep-14	-0.33
26-Sep-14	0.74
25-Sep-14	-1.48
24-Sep-14	0.95
23-Sep-14	-0.7
22-Sep-14	-1.79
19-Sep-14	0.51
18-Sep-14	0.54
17-Sep-14	0.1
16-Sep-14	0.77
15-Sep-14	-0.03
12-Sep-14	-0.61
11-Sep-14	0.1
10-Sep-14	0.26
09-Sep-14	-0.54
08-Sep-14	-0.27
05-Sep-14	0.41
04-Sep-14	-0.05
03-Sep-14	-0.05
02-Sep-14	-0.05
01-Sep-14	-0.04
29-Aug-14	0.24
28-Aug-14	-0.01
27-Aug-14	-0.08
26-Aug-14	0.18
25-Aug-14	0.36
22-Aug-14	-0.09
21-Aug-14	0.32
20-Aug-14	0.3
19-Aug-14	0.5
18-Aug-14	0.77
15-Aug-14	-0.05
14-Aug-14	0.45
13-Aug-14	0.74
12-Aug-14	-0.1
11-Aug-14	0.45
08-Aug-14	0.97
07-Aug-14	-0.5
06-Aug-14	0.09
05-Aug-14	-0.98
04-Aug-14	0.7
01-Aug-14	-0.32
31-Jul-14	-2.05
30-Jul-14	0.1
29-Jul-14	-0.51
28-Jul-14	0.08
25-Jul-14	-0.47
24-Jul-14	0
23-Jul-14	0.29
22-Jul-14	0.45
21-Jul-14	-0.27
18-Jul-14	0.92
17-Jul-14	-1.08
16-Jul-14	0.34
15-Jul-14	-0.15
14-Jul-14	0.43
11-Jul-14	0.24
10-Jul-14	-0.48
09-Jul-14	0.34
08-Jul-14	-0.53
07-Jul-14	-0.24
04-Jul-14	-0.09
03-Jul-14	0.5
02-Jul-14	0.1
01-Jul-14	0.68
30-Jun-14	0.03
27-Jun-14	0.17
26-Jun-14	-0.04
25-Jun-14	0.32
24-Jun-14	-0.5
23-Jun-14	-0.59
20-Jun-14	0.31
19-Jun-14	0.08
18-Jun-14	0.8
17-Jun-14	0.26
16-Jun-14	0.04
13-Jun-14	0.27
12-Jun-14	-0.69
11-Jun-14	-0.33
10-Jun-14	0.01
09-Jun-14	0.05
06-Jun-14	0.55
05-Jun-14	0.66
04-Jun-14	0.2
03-Jun-14	0.01
02-Jun-14	0.01
30-May-14	0.18
29-May-14	0.47
28-May-14	-0.01
27-May-14	0.36
26-May-14	0.29
23-May-14	0.36
22-May-14	0.28
21-May-14	0.91
20-May-14	-0.76
19-May-14	0.4
16-May-14	0.4
15-May-14	-0.95
14-May-14	-0.48
13-May-14	0.08
12-May-14	1.03
09-May-14	0.07
08-May-14	-0.11
07-May-14	0.54
06-May-14	-0.61
05-May-14	0.07
02-May-14	-0.17
01-May-14	-0.01
30-Apr-14	0.33
29-Apr-14	0.31
28-Apr-14	0.32
25-Apr-14	-0.69
24-Apr-14	0
23-Apr-14	-0.05
22-Apr-14	0.51
21-Apr-14	0.35
17-Apr-14	0.28
16-Apr-14	0.72
15-Apr-14	0.82
14-Apr-14	0.7
11-Apr-14	-0.83
10-Apr-14	-2.02
09-Apr-14	1.07
08-Apr-14	0.38
07-Apr-14	-1.18
04-Apr-14	-1.22
03-Apr-14	0
02-Apr-14	0.28
01-Apr-14	0.71
31-Mar-14	0.76
28-Mar-14	0.54
27-Mar-14	-0.11
26-Mar-14	-0.9
25-Mar-14	0.53
24-Mar-14	-2.31
21-Mar-14	1.04
20-Mar-14	0.75
19-Mar-14	-0.59
18-Mar-14	0.7
17-Mar-14	0.96
14-Mar-14	-0.37
13-Mar-14	-1.12
12-Mar-14	0.13
11-Mar-14	-0.64
10-Mar-14	-0.04
07-Mar-14	0.09
06-Mar-14	0.2
05-Mar-14	0.05
04-Mar-14	1.55
03-Mar-14	-0.78
28-Feb-14	0.19
27-Feb-14	0.65
26-Feb-14	-0.23
25-Feb-14	0.01
24-Feb-14	0.64
21-Feb-14	-0.11
20-Feb-14	0.59
19-Feb-14	-0.65
18-Feb-14	0.05
17-Feb-14	0.09
14-Feb-14	0.59
13-Feb-14	0.4
12-Feb-14	0.19
11-Feb-14	1.04
10-Feb-14	0.07
07-Feb-14	1.53
06-Feb-14	1.29
05-Feb-14	0.01
04-Feb-14	0.63
03-Feb-14	-2.46
31-Jan-14	-0.27
30-Jan-14	0.56
29-Jan-14	-0.95
28-Jan-14	0.7
27-Jan-14	-0.35
24-Jan-14	-2.32
23-Jan-14	-0.78
22-Jan-14	0
21-Jan-14	0.25
20-Jan-14	-0.02
17-Jan-14	-0.11
16-Jan-14	-0.29
15-Jan-14	0.46
14-Jan-14	0.99
13-Jan-14	-1.24
10-Jan-14	0.26
09-Jan-14	0.03
08-Jan-14	0.1
07-Jan-14	0.55
06-Jan-14	-0.26
03-Jan-14	-0.05
02-Jan-14	-0.89
01-Jan-14	0.11
31-Dec-13	0.34
30-Dec-13	-0.1
27-Dec-13	0
26-Dec-13	0.41
24-Dec-13	0.34
23-Dec-13	0.54
20-Dec-13	0.24
19-Dec-13	-0.12
18-Dec-13	1.77
17-Dec-13	-0.41
16-Dec-13	0.66
13-Dec-13	-0.01
12-Dec-13	-0.32
11-Dec-13	-1.23
10-Dec-13	-0.33
09-Dec-13	0.22
06-Dec-13	1.18
05-Dec-13	-0.43
04-Dec-13	0.01
03-Dec-13	-0.46
02-Dec-13	-0.24
29-Nov-13	-0.2
28-Nov-13	0.19
27-Nov-13	0.12
26-Nov-13	-0.03
25-Nov-13	0.07
22-Nov-13	0.42
21-Nov-13	0.79
20-Nov-13	-0.31
19-Nov-13	-0.2
18-Nov-13	-0.26
15-Nov-13	0.32
14-Nov-13	0.51
13-Nov-13	0.78
12-Nov-13	-0.14
11-Nov-13	0.08
08-Nov-13	1.19
07-Nov-13	-1.15
06-Nov-13	0.51
05-Nov-13	-0.37
04-Nov-13	0.47
01-Nov-13	0.21
31-Oct-13	-0.54
30-Oct-13	-0.4
29-Oct-13	0.48
28-Oct-13	0.29
25-Oct-13	0.31
24-Oct-13	0.39
23-Oct-13	-0.44
22-Oct-13	0.65
21-Oct-13	0.1
18-Oct-13	0.51
17-Oct-13	0.85
16-Oct-13	1.26
15-Oct-13	-0.72
14-Oct-13	0.31
11-Oct-13	0.83
10-Oct-13	2.2
09-Oct-13	-0.11
08-Oct-13	-1.03
07-Oct-13	-1.01
04-Oct-13	0.9
03-Oct-13	-0.79
02-Oct-13	-0.38
01-Oct-13	0.91
30-Sep-13	-0.73
27-Sep-13	-0.35
26-Sep-13	0.4
25-Sep-13	-0.4
24-Sep-13	-0.01
23-Sep-13	-1.81
20-Sep-13	-0.02
19-Sep-13	-0.01
18-Sep-13	1.14
17-Sep-13	0.41
16-Sep-13	0.56
13-Sep-13	0.21
12-Sep-13	-0.22
11-Sep-13	0.37
10-Sep-13	0.81
09-Sep-13	0.94
06-Sep-13	0.03
05-Sep-13	-0.03
04-Sep-13	0.88
03-Sep-13	-0.4
02-Sep-13	0.88
30-Aug-13	-0.34
29-Aug-13	0.28
28-Aug-13	0.25
27-Aug-13	-1.57
26-Aug-13	-0.44
23-Aug-13	0.41
22-Aug-13	1.12
21-Aug-13	-0.85
20-Aug-13	0.33
19-Aug-13	-0.36
16-Aug-13	-0.29
15-Aug-13	-1.56
14-Aug-13	-0.52
13-Aug-13	0.22
12-Aug-13	0.04
09-Aug-13	-0.44
08-Aug-13	0.33
07-Aug-13	-0.34
06-Aug-13	-0.5
05-Aug-13	-0.09
02-Aug-13	0.22
01-Aug-13	1.18
31-Jul-13	-0.25
30-Jul-13	0.13
29-Jul-13	-0.24
26-Jul-13	0.15
25-Jul-13	0.01
24-Jul-13	-0.27
23-Jul-13	-0.12
22-Jul-13	0.04
19-Jul-13	0.54
18-Jul-13	0.3
17-Jul-13	0.25
16-Jul-13	-0.37
15-Jul-13	0.43
12-Jul-13	0.01
11-Jul-13	1.3
10-Jul-13	0.18
09-Jul-13	0.61
08-Jul-13	0.51
05-Jul-13	0.3
04-Jul-13	0.84
03-Jul-13	0.11
02-Jul-13	0.03
01-Jul-13	0.47
28-Jun-13	-0.45
27-Jun-13	0.69
26-Jun-13	0.89
25-Jun-13	0.97
24-Jun-13	-2.11
21-Jun-13	0.59
20-Jun-13	-2.39
19-Jun-13	-1.3
18-Jun-13	0.69
17-Jun-13	0.95
14-Jun-13	-0.76
13-Jun-13	1.66
12-Jun-13	-1.04
11-Jun-13	-0.91
10-Jun-13	0.21
07-Jun-13	0.97
06-Jun-13	0.92
05-Jun-13	-1.43
04-Jun-13	-0.31
03-Jun-13	0.45
31-May-13	-1.48
30-May-13	0.39
29-May-13	-0.45
28-May-13	0.12
27-May-13	0.12
24-May-13	0.03
23-May-13	-0.33
22-May-13	-0.6
21-May-13	0.06
20-May-13	0.09
17-May-13	0.91
16-May-13	-0.38
15-May-13	0.38
14-May-13	1.06
13-May-13	0.08
10-May-13	0.31
09-May-13	-0.26
08-May-13	0.51
07-May-13	0.43
06-May-13	0.31
03-May-13	1.02
02-May-13	0.95
01-May-13	-0.94
30-Apr-13	0.25
29-Apr-13	0.75
26-Apr-13	-0.33
25-Apr-13	0.49
24-Apr-13	0.03
23-Apr-13	1.12
22-Apr-13	0.55
19-Apr-13	0.88
18-Apr-13	-0.78
17-Apr-13	-1.45
16-Apr-13	1.64
15-Apr-13	-2.43
12-Apr-13	-0.36
11-Apr-13	0.32
10-Apr-13	1.25
09-Apr-13	0.26
08-Apr-13	0.86
05-Apr-13	-0.55
04-Apr-13	0.39
03-Apr-13	-1.02
02-Apr-13	0.55
01-Apr-13	-0.43
28-Mar-13	0.39
27-Mar-13	-0.03
26-Mar-13	0.66
25-Mar-13	-0.32
22-Mar-13	0.84
21-Mar-13	-0.65
20-Mar-13	0.44
19-Mar-13	-0.29
18-Mar-13	-0.66
15-Mar-13	-0.33
14-Mar-13	0.4
13-Mar-13	0.23
12-Mar-13	-0.22
11-Mar-13	0.42
08-Mar-13	0.44
07-Mar-13	0.24
06-Mar-13	0.13
05-Mar-13	0.74
04-Mar-13	0.61
01-Mar-13	0.21
28-Feb-13	-0.16
27-Feb-13	1.56
26-Feb-13	0.35
25-Feb-13	-1.8
22-Feb-13	0.9
21-Feb-13	-0.4
20-Feb-13	-1.37
19-Feb-13	0.73
15-Feb-13	-0.1
14-Feb-13	0.08
13-Feb-13	0.07
12-Feb-13	0.21
11-Feb-13	0.03
08-Feb-13	0.48
07-Feb-13	-0.1
06-Feb-13	0.05
05-Feb-13	0.84
04-Feb-13	-0.88
01-Feb-13	0.9
31-Jan-13	-0.13
30-Jan-13	-0.65
29-Jan-13	0.53
28-Jan-13	0.08
25-Jan-13	0.27
24-Jan-13	0.1
23-Jan-13	0.05
22-Jan-13	0.71
18-Jan-13	0.22
17-Jan-13	0.7
16-Jan-13	0.02
15-Jan-13	0.07
14-Jan-13	-0.2
11-Jan-13	0.02
10-Jan-13	0.77
09-Jan-13	0.24
08-Jan-13	-0.24
07-Jan-13	-0.14
04-Jan-13	0.29
03-Jan-13	-0.24
02-Jan-13	2.61
31-Dec-12	2.6
28-Dec-12	-1.9
27-Dec-12	-0.19
26-Dec-12	-0.44
24-Dec-12	-0.97
21-Dec-12	-0.82
20-Dec-12	0.57
19-Dec-12	-0.59
18-Dec-12	0.92
17-Dec-12	1.24
14-Dec-12	-0.21
13-Dec-12	-0.65
12-Dec-12	-0.3
11-Dec-12	0.79
10-Dec-12	0.3
07-Dec-12	0.21
06-Dec-12	0.34
05-Dec-12	0.2
04-Dec-12	-0.11
03-Dec-12	-0.53
30-Nov-12	-0.09
29-Nov-12	0.62
28-Nov-12	0.68
27-Nov-12	-0.41
26-Nov-12	-0.14
23-Nov-12	1.22
21-Nov-12	0.14
20-Nov-12	0.27
19-Nov-12	1.67
16-Nov-12	0.63
15-Nov-12	-0.13
14-Nov-12	-1.31
13-Nov-12	-0.53
12-Nov-12	0.18
09-Nov-12	0.04
08-Nov-12	-0.99
07-Nov-12	-2.54
06-Nov-12	0.94
05-Nov-12	0.46
02-Nov-12	-1.25
01-Nov-12	1.17
31-Oct-12	-0.05
30-Oct-12	0
29-Oct-12	0
26-Oct-12	-0.05
25-Oct-12	0.21
24-Oct-12	-0.11
23-Oct-12	-1.63
22-Oct-12	0.42
19-Oct-12	-1.89
18-Oct-12	-0.38
17-Oct-12	0.53
16-Oct-12	0.96
15-Oct-12	0.98
12-Oct-12	-0.49
11-Oct-12	0.16
10-Oct-12	-0.68
09-Oct-12	-0.95
08-Oct-12	-0.4
05-Oct-12	-0.02
04-Oct-12	0.76
03-Oct-12	0.26
02-Oct-12	0.28
01-Oct-12	0.19
28-Sep-12	-0.47
27-Sep-12	0.98
26-Sep-12	-0.71
25-Sep-12	-0.98
24-Sep-12	-1.07
21-Sep-12	0.46
20-Sep-12	0.07
19-Sep-12	0.02
18-Sep-12	-0.1
17-Sep-12	-0.34
14-Sep-12	0.58
13-Sep-12	1.23
12-Sep-12	0.63
11-Sep-12	0.28
10-Sep-12	-0.82
07-Sep-12	0.51
06-Sep-12	1.96
05-Sep-12	-0.18
04-Sep-12	0.07
31-Aug-12	0.57
30-Aug-12	-0.73
29-Aug-12	-0.04
28-Aug-12	-0.04
27-Aug-12	-0.11
24-Aug-12	0.7
23-Aug-12	-0.87
22-Aug-12	-0.02
21-Aug-12	-0.16
20-Aug-12	-0.04
17-Aug-12	0.16
16-Aug-12	0.68
15-Aug-12	0.14
14-Aug-12	-0.07
13-Aug-12	0
10-Aug-12	0.14
09-Aug-12	0.16
08-Aug-12	0.09
07-Aug-12	0.5
06-Aug-12	0.07
03-Aug-12	1.98
02-Aug-12	-0.62
01-Aug-12	-0.29
31-Jul-12	-0.43
30-Jul-12	-0.14
27-Jul-12	2.05
26-Jul-12	1.48
25-Jul-12	0.41
24-Jul-12	-1.06
23-Jul-12	-1.07
20-Jul-12	-1
19-Jul-12	0.35
18-Jul-12	0.64
17-Jul-12	0.82
16-Jul-12	-0.31
13-Jul-12	1.69
12-Jul-12	-0.52
11-Jul-12	0.06
10-Jul-12	-1.02
09-Jul-12	-0.18
06-Jul-12	-0.72
05-Jul-12	-0.48
03-Jul-12	0.77
02-Jul-12	0.07
29-Jun-12	2.57
28-Jun-12	-0.23
27-Jun-12	0.76
26-Jun-12	0.69
25-Jun-12	-1.53
22-Jun-12	0.64
21-Jun-12	-2.41
20-Jun-12	0.02
19-Jun-12	0.71
18-Jun-12	0.34
15-Jun-12	0.26
14-Jun-12	1.33
13-Jun-12	-0.85
12-Jun-12	1.51
11-Jun-12	-1.64
08-Jun-12	0.91
07-Jun-12	0.1
06-Jun-12	2.37
05-Jun-12	0.94
04-Jun-12	-0.08
01-Jun-12	-2.69
31-May-12	0.06
30-May-12	-1.87
29-May-12	1.41
25-May-12	-0.57
24-May-12	0.51
23-May-12	0.08
22-May-12	-0.08
21-May-12	1.94
18-May-12	-0.81
17-May-12	-1.61
16-May-12	-0.43
15-May-12	-0.43
14-May-12	-1.19
11-May-12	-0.55
10-May-12	0.48
09-May-12	-0.55
08-May-12	-0.53
07-May-12	0.24
04-May-12	-1.7
03-May-12	-0.82
02-May-12	-0.21
01-May-12	0.5
30-Apr-12	-0.36
27-Apr-12	0.13
26-Apr-12	0.68
25-Apr-12	1.26
24-Apr-12	0.53
23-Apr-12	-0.91
20-Apr-12	0.2
19-Apr-12	-0.42
18-Apr-12	-0.38
17-Apr-12	1.43
16-Apr-12	-0.07
13-Apr-12	-1.52
12-Apr-12	1.61
11-Apr-12	0.52
10-Apr-12	-1.31
09-Apr-12	-1.1
06-Apr-12	0
05-Apr-12	-0.22
04-Apr-12	-1.1
03-Apr-12	-0.27
02-Apr-12	0.66
30-Mar-12	0.36
29-Mar-12	-0.14
28-Mar-12	-0.44
27-Mar-12	-0.6
26-Mar-12	1.51
23-Mar-12	0.36
22-Mar-12	-0.61
21-Mar-12	-0.18
20-Mar-12	-0.28
19-Mar-12	-0.08
16-Mar-12	0.24
15-Mar-12	0.54
14-Mar-12	-0.14
13-Mar-12	1.73
12-Mar-12	0
09-Mar-12	0.44
08-Mar-12	1.02
07-Mar-12	0.8
06-Mar-12	-1.65
05-Mar-12	-0.31
02-Mar-12	-0.42
01-Mar-12	0.73
29-Feb-12	-0.51
28-Feb-12	0.31
27-Feb-12	0.29
24-Feb-12	0.02
23-Feb-12	0.52
22-Feb-12	-0.29
21-Feb-12	0.02
17-Feb-12	0.37
16-Feb-12	0.93
15-Feb-12	-0.41
14-Feb-12	-0.09
13-Feb-12	0.63
10-Feb-12	-0.57
09-Feb-12	0.09
08-Feb-12	0.17
07-Feb-12	0.43
06-Feb-12	0
03-Feb-12	1.23
02-Feb-12	0.23
01-Feb-12	0.88
31-Jan-12	-0.06
30-Jan-12	-0.27
27-Jan-12	-0.21
26-Jan-12	-0.38
25-Jan-12	0.67
24-Jan-12	0.04
23-Jan-12	0.02
20-Jan-12	0.02
19-Jan-12	0.63
18-Jan-12	1.01
17-Jan-12	0.02
13-Jan-12	-0.21
12-Jan-12	0.27
11-Jan-12	0.17
10-Jan-12	0.82
09-Jan-12	0.1
06-Jan-12	0.1
05-Jan-12	0
04-Jan-12	0.08
03-Jan-12	1.56
30-Dec-11	-0.4
29-Dec-11	1.04
28-Dec-11	-1.25
27-Dec-11	0
23-Dec-11	0.9
22-Dec-11	1.03
21-Dec-11	0.02
20-Dec-11	3.09
19-Dec-11	-2.13
16-Dec-11	0.58
15-Dec-11	0.45
14-Dec-11	-1.12
13-Dec-11	-0.73
12-Dec-11	-1.87
09-Dec-11	1.84
08-Dec-11	-2.22
07-Dec-11	0.72
06-Dec-11	0
05-Dec-11	0.92
02-Dec-11	0
01-Dec-11	-0.2
30-Nov-11	4.14
29-Nov-11	0.46
28-Nov-11	3.25
25-Nov-11	-0.56
23-Nov-11	-1.92
22-Nov-11	-0.67
21-Nov-11	-1.92
18-Nov-11	-0.06
17-Nov-11	-1.32
16-Nov-11	-1.83
15-Nov-11	0.12
14-Nov-11	-0.71
11-Nov-11	1.94
10-Nov-11	0.98
09-Nov-11	-3.75
08-Nov-11	1.25
07-Nov-11	0.52
04-Nov-11	-0.38
03-Nov-11	1.74
02-Nov-11	0.8
01-Nov-11	-1.98
31-Oct-11	-2.48
28-Oct-11	-0.12
27-Oct-11	3.64
26-Oct-11	1.06
25-Oct-11	-1.8
24-Oct-11	0.95
21-Oct-11	2.09
20-Oct-11	0.29
19-Oct-11	-1.35
18-Oct-11	2.43
17-Oct-11	-2.07
14-Oct-11	1.77
13-Oct-11	-0.02
12-Oct-11	0.74
11-Oct-11	-0.13
10-Oct-11	3.12
07-Oct-11	-0.22
06-Oct-11	1.98
05-Oct-11	1.93
04-Oct-11	2.51
03-Oct-11	-3.53
30-Sep-11	-2.62
29-Sep-11	0.65
28-Sep-11	-1.77
27-Sep-11	0.95
26-Sep-11	2.54
23-Sep-11	0.56
22-Sep-11	-2.79
21-Sep-11	-3.37
20-Sep-11	-0.15
19-Sep-11	-1.56
16-Sep-11	0.45
15-Sep-11	1.91
14-Sep-11	1.45
13-Sep-11	0.71
12-Sep-11	0.45
09-Sep-11	-2.34
08-Sep-11	-1.11
07-Sep-11	2.96
06-Sep-11	-0.41
02-Sep-11	-2.66
01-Sep-11	-1.35
31-Aug-11	1.08
30-Aug-11	-0.27
29-Aug-11	2.72
26-Aug-11	1.6
25-Aug-11	-1.24
24-Aug-11	1.17
23-Aug-11	3.14
22-Aug-11	-0.07
19-Aug-11	-1.71
18-Aug-11	-3.91
17-Aug-11	-0.19
16-Aug-11	-0.52
15-Aug-11	1.85
12-Aug-11	0.71
11-Aug-11	4.01
10-Aug-11	-4.12
09-Aug-11	5.44
08-Aug-11	-7.22
05-Aug-11	-0.08
04-Aug-11	-4.44
03-Aug-11	0.58
02-Aug-11	-2.54
01-Aug-11	-0.68
29-Jul-11	-0.64
28-Jul-11	-0.17
27-Jul-11	-2.05
26-Jul-11	-0.54
25-Jul-11	-0.56
22-Jul-11	-0.11
21-Jul-11	1.61
20-Jul-11	0
19-Jul-11	1.6
18-Jul-11	-1.1
15-Jul-11	0.63
14-Jul-11	-0.42
13-Jul-11	0.11
12-Jul-11	-0.59
11-Jul-11	-1.73
08-Jul-11	-0.74
07-Jul-11	1.2
06-Jul-11	-0.07
05-Jul-11	0.15
01-Jul-11	1.46
30-Jun-11	0.86
29-Jun-11	0.75
28-Jun-11	1.43
27-Jun-11	0.97
24-Jun-11	-1.02
23-Jun-11	-0.21
22-Jun-11	-0.64
21-Jun-11	1.12
20-Jun-11	-0.44
17-Jun-11	0.82
16-Jun-11	0.28
15-Jun-11	-1.9
14-Jun-11	1.45
13-Jun-11	0.18
10-Jun-11	-1.42
09-Jun-11	0.82
08-Jun-11	-0.6
07-Jun-11	-0.02
06-Jun-11	-0.87
03-Jun-11	-1.24
02-Jun-11	0.04
01-Jun-11	-2.38
31-May-11	1.05
27-May-11	0.26
26-May-11	0.76
25-May-11	0.23
24-May-11	-0.13
23-May-11	-0.94
20-May-11	-1.04
19-May-11	0.24
18-May-11	0.98
17-May-11	0
16-May-11	-0.64
13-May-11	-1
12-May-11	0.65
11-May-11	-1.11
10-May-11	0.82
09-May-11	0.62
06-May-11	-0.04
05-May-11	-0.6
04-May-11	-0.67
03-May-11	-0.42
02-May-11	-0.15
29-Apr-11	0.35
28-Apr-11	0.3
27-Apr-11	0.75
26-Apr-11	0.77
25-Apr-11	-0.02
21-Apr-11	0.21
20-Apr-11	1.51
19-Apr-11	0.58
18-Apr-11	-1.35
15-Apr-11	0.65
14-Apr-11	0.11
13-Apr-11	0.04
12-Apr-11	-0.85
11-Apr-11	-0.32
08-Apr-11	-0.36
07-Apr-11	-0.04
06-Apr-11	0.17
05-Apr-11	-0.19
04-Apr-11	0.11
01-Apr-11	0.51
31-Mar-11	-0.23
30-Mar-11	0.57
29-Mar-11	1.09
28-Mar-11	-0.59
25-Mar-11	0.36
24-Mar-11	1.03
23-Mar-11	0.29
22-Mar-11	-0.37
21-Mar-11	0.41
18-Mar-11	1.1
17-Mar-11	1.19
16-Mar-11	-1.66
15-Mar-11	-1.2
14-Mar-11	-0.8
11-Mar-11	0.91
10-Mar-11	-1.62
09-Mar-11	-0.34
08-Mar-11	0.84
07-Mar-11	-0.85
04-Mar-11	-0.71
03-Mar-11	1.84
02-Mar-11	0.37
01-Mar-11	-1.89
28-Feb-11	0.55
25-Feb-11	1.23
24-Feb-11	-0.21
23-Feb-11	-0.68
22-Feb-11	-2.09
18-Feb-11	0.36
17-Feb-11	0.36
16-Feb-11	0.51
15-Feb-11	-0.11
14-Feb-11	0.04
11-Feb-11	0.64
10-Feb-11	-0.04
09-Feb-11	-0.19
08-Feb-11	0.46
07-Feb-11	0.65
04-Feb-11	0.3
03-Feb-11	0.25
02-Feb-11	-0.21
01-Feb-11	1.58
31-Jan-11	0.87
28-Jan-11	-1.87
27-Jan-11	0.17
26-Jan-11	0.47
25-Jan-11	-0.08
24-Jan-11	0.68
21-Jan-11	0.27
20-Jan-11	-0.18
19-Jan-11	-1.26
18-Jan-11	0.41
14-Jan-11	0.64
13-Jan-11	-0.18
12-Jan-11	1.02
11-Jan-11	0.4
10-Jan-11	-0.16
07-Jan-11	-0.22
06-Jan-11	-0.12
05-Jan-11	0.51
04-Jan-11	0
03-Jan-11	0.98
31-Dec-10	-0.12
30-Dec-10	-0.1
29-Dec-10	0.14
28-Dec-10	0.06
27-Dec-10	0.02
23-Dec-10	-0.12
22-Dec-10	0.3
21-Dec-10	0.77
20-Dec-10	-0.09
17-Dec-10	-0.09
16-Dec-10	0.53
15-Dec-10	-0.38
14-Dec-10	0.04
13-Dec-10	0.02
10-Dec-10	0.65
09-Dec-10	0.35
08-Dec-10	0.45
07-Dec-10	0.1
06-Dec-10	-0.12
03-Dec-10	0.06
02-Dec-10	1.52
01-Dec-10	2.12
30-Nov-10	-0.59
29-Nov-10	0.27
26-Nov-10	-1.11
24-Nov-10	1.55
23-Nov-10	-1.65
22-Nov-10	-0.02
19-Nov-10	0.04
18-Nov-10	1.72
17-Nov-10	0.23
16-Nov-10	-1.76
15-Nov-10	0.02
12-Nov-10	-1.28
11-Nov-10	-0.25
10-Nov-10	0.25
09-Nov-10	-0.74
08-Nov-10	-0.16
05-Nov-10	0.29
04-Nov-10	1.77
03-Nov-10	0.38
02-Nov-10	0.82
01-Nov-10	0.28
29-Oct-10	0.04
28-Oct-10	0.04
27-Oct-10	-0.34
26-Oct-10	0
25-Oct-10	0.17
22-Oct-10	0.43
21-Oct-10	0.09
20-Oct-10	0.94
19-Oct-10	-1.23
18-Oct-10	0.28
15-Oct-10	0.13
14-Oct-10	-0.06
13-Oct-10	0.84
12-Oct-10	0.19
11-Oct-10	0.15
08-Oct-10	0.35
07-Oct-10	0.06
06-Oct-10	0.09
05-Oct-10	1.76
04-Oct-10	-0.66
01-Oct-10	0.48
30-Sep-10	-0.37
29-Sep-10	-0.07
28-Sep-10	0.35
27-Sep-10	-0.48
24-Sep-10	2.03
23-Sep-10	-0.82
22-Sep-10	-0.44
21-Sep-10	-0.15
20-Sep-10	0.47
17-Sep-10	0.3
16-Sep-10	0.18
15-Sep-10	0.45
14-Sep-10	-0.04
13-Sep-10	1.04
10-Sep-10	0.66
09-Sep-10	0.3
08-Sep-10	0.73
07-Sep-10	-1.11
03-Sep-10	1.28
02-Sep-10	0.72
01-Sep-10	3.2
31-Aug-10	0.31
30-Aug-10	-1.76
27-Aug-10	1.82
26-Aug-10	-0.92
25-Aug-10	0.45
24-Aug-10	-1.48
23-Aug-10	-0.44
20-Aug-10	-0.09
19-Aug-10	-1.43
18-Aug-10	-0.21
17-Aug-10	1.11
16-Aug-10	0.09
13-Aug-10	-0.3
12-Aug-10	-0.53
11-Aug-10	-3.1
10-Aug-10	-0.51
09-Aug-10	0.54
06-Aug-10	-0.36
05-Aug-10	-0.09
04-Aug-10	0.56
03-Aug-10	-0.31
02-Aug-10	2.14
30-Jul-10	0.11
29-Jul-10	-0.45
28-Jul-10	-0.81
27-Jul-10	0.14
26-Jul-10	0.82
23-Jul-10	1.17
22-Jul-10	2.23
21-Jul-10	-1.48
20-Jul-10	1.53
19-Jul-10	0.07
16-Jul-10	-2.52
15-Jul-10	-0.05
14-Jul-10	0.11
13-Jul-10	1.23
12-Jul-10	0.37
09-Jul-10	0.52
08-Jul-10	0.73
07-Jul-10	3.42
06-Jul-10	0.99
02-Jul-10	-0.73
01-Jul-10	-0.46
30-Jun-10	-0.85
29-Jun-10	-3.34
28-Jun-10	-0.35
25-Jun-10	0.4
24-Jun-10	-1.56
23-Jun-10	-0.28
22-Jun-10	-1.8
21-Jun-10	-0.74
18-Jun-10	0.23
17-Jun-10	0.2
16-Jun-10	0.04
15-Jun-10	2.11
14-Jun-10	0.11
11-Jun-10	0.51
10-Jun-10	2.68
09-Jun-10	-0.35
08-Jun-10	1.07
07-Jun-10	-1.69
04-Jun-10	-3.4
03-Jun-10	0.62
02-Jun-10	2.55
01-Jun-10	-1.75
28-May-10	-1.14
27-May-10	3.75
26-May-10	-1.1
25-May-10	0.19
24-May-10	-1.24
21-May-10	1.36
20-May-10	-3.6
19-May-10	-0.78
18-May-10	-1.39
17-May-10	-0.07
14-May-10	-1.86
13-May-10	-1.11
12-May-10	1.52
11-May-10	-0.37
10-May-10	4.47
07-May-10	-1.38
06-May-10	-3.57
05-May-10	-0.72
04-May-10	-2.17
03-May-10	1.27
30-Apr-10	-1.8
29-Apr-10	1.28
28-Apr-10	0.76
27-Apr-10	-2.26
26-Apr-10	-0.33
23-Apr-10	0.87
22-Apr-10	0.1
21-Apr-10	-0.41
20-Apr-10	0.84
19-Apr-10	0.44
16-Apr-10	-1.51
15-Apr-10	0.17
14-Apr-10	1.13
13-Apr-10	0.04
12-Apr-10	0
09-Apr-10	0.74
08-Apr-10	0.4
07-Apr-10	-0.57
06-Apr-10	0.23
05-Apr-10	0.79
02-Apr-10	0
01-Apr-10	0.73
31-Mar-10	-0.36
30-Mar-10	0.06
29-Mar-10	0.45
26-Mar-10	0.06
25-Mar-10	-0.15
24-Mar-10	-0.43
23-Mar-10	0.65
22-Mar-10	-0.93
19-Mar-10	0.6
18-Mar-10	0.02
17-Mar-10	0.54
16-Mar-10	0.8
15-Mar-10	-0.09
12-Mar-10	0.07
11-Mar-10	0.41
10-Mar-10	0.46
09-Mar-10	0.31
08-Mar-10	0.04
05-Mar-10	1.27
04-Mar-10	0.34
03-Mar-10	0.09
02-Mar-10	0.27
01-Mar-10	1
26-Feb-10	0.11
25-Feb-10	-0.11
24-Feb-10	0.57
23-Feb-10	-0.93
22-Feb-10	0.11
19-Feb-10	0.07
18-Feb-10	0.55
17-Feb-10	0.57
16-Feb-10	1.32
12-Feb-10	0.22
11-Feb-10	1.26
10-Feb-10	-0.28
09-Feb-10	0.97
08-Feb-10	-0.35
05-Feb-10	-0.19
04-Feb-10	-3.17
03-Feb-10	-0.07
02-Feb-10	1.01
01-Feb-10	1.47
29-Jan-10	-0.81
28-Jan-10	-1.39
27-Jan-10	0.67
26-Jan-10	-0.48
25-Jan-10	0.14
22-Jan-10	-1.8
21-Jan-10	-2.03
20-Jan-10	-1.03
19-Jan-10	1.19
15-Jan-10	-1.14
14-Jan-10	0.33
13-Jan-10	0.66
12-Jan-10	-0.74
11-Jan-10	0.09
08-Jan-10	0.35
07-Jan-10	0.4
06-Jan-10	0.07
05-Jan-10	0.31
04-Jan-10	1.62
31-Dec-09	-1
30-Dec-09	0.02
29-Dec-09	-0.11
28-Dec-09	0.09
24-Dec-09	0.58
23-Dec-09	0.18
22-Dec-09	0.47
21-Dec-09	0.53
18-Dec-09	0.31
17-Dec-09	-1.04
16-Dec-09	0.16
15-Dec-09	-0.43
14-Dec-09	0.5
11-Dec-09	0.54
10-Dec-09	0.59
09-Dec-09	0.5
08-Dec-09	-1.25
07-Dec-09	-0.38
04-Dec-09	0.91
03-Dec-09	-0.9
02-Dec-09	-0.05
01-Dec-09	1.26
30-Nov-09	0.48
27-Nov-09	-1.76
25-Nov-09	0.54
24-Nov-09	-0.07
23-Nov-09	1.26
20-Nov-09	-0.39
19-Nov-09	-1.29
18-Nov-09	0.09
17-Nov-09	0.11
16-Nov-09	1.35
13-Nov-09	0.39
12-Nov-09	-0.82
11-Nov-09	0.39
10-Nov-09	0.02
09-Nov-09	2.39
06-Nov-09	0.28
05-Nov-09	1.55
04-Nov-09	0.5
03-Nov-09	0.26
02-Nov-09	0.58
30-Oct-09	-2.68
29-Oct-09	2.21
28-Oct-09	-2.07
27-Oct-09	-0.56
26-Oct-09	-0.97
23-Oct-09	-1.26
22-Oct-09	1.18
21-Oct-09	-1.06
20-Oct-09	-0.14
19-Oct-09	0.83
16-Oct-09	-0.71
15-Oct-09	0.18
14-Oct-09	1.78
13-Oct-09	-0.26
12-Oct-09	0.33
09-Oct-09	0.4
08-Oct-09	0.97
07-Oct-09	0.48
06-Oct-09	1.16
05-Oct-09	1.44
02-Oct-09	-0.56
01-Oct-09	-2.42
30-Sep-09	-0.17
29-Sep-09	-0.4
28-Sep-09	1.73
25-Sep-09	-0.31
24-Sep-09	-1.39
23-Sep-09	-0.77
22-Sep-09	0.64
21-Sep-09	-1.03
18-Sep-09	0.38
17-Sep-09	-0.05
16-Sep-09	1.69
15-Sep-09	0.21
14-Sep-09	0.62
11-Sep-09	-0.02
10-Sep-09	0.9
09-Sep-09	0.73
08-Sep-09	1.08
04-Sep-09	1.22
03-Sep-09	0.75
02-Sep-09	-0.23
01-Sep-09	-2.28
31-Aug-09	-0.75
28-Aug-09	-0.17
27-Aug-09	0.24
26-Aug-09	0.07
25-Aug-09	0.15
24-Aug-09	-0.07
21-Aug-09	2.04
20-Aug-09	0.78
19-Aug-09	0.76
18-Aug-09	1.15
17-Aug-09	-2.73
14-Aug-09	-0.76
13-Aug-09	1.12
12-Aug-09	0.93
11-Aug-09	-1.44
10-Aug-09	0.1
07-Aug-09	1.16
06-Aug-09	-0.57
05-Aug-09	-0.4
04-Aug-09	0.4
03-Aug-09	1.65
31-Jul-09	0.23
30-Jul-09	0.74
29-Jul-09	-0.1
28-Jul-09	-0.41
27-Jul-09	0.23
24-Jul-09	0.9
23-Jul-09	2.05
22-Jul-09	-0.42
21-Jul-09	0.47
20-Jul-09	1.28
17-Jul-09	0.13
16-Jul-09	0.92
15-Jul-09	2.86
14-Jul-09	0.67
13-Jul-09	2.43
10-Jul-09	-0.54
09-Jul-09	0.6
08-Jul-09	-0.63
07-Jul-09	-1.81
06-Jul-09	0.25
02-Jul-09	-2.83
01-Jul-09	0.41
30-Jun-09	-0.62
29-Jun-09	0.79
26-Jun-09	-0.27
25-Jun-09	2.06
24-Jun-09	0.87
23-Jun-09	0.2
22-Jun-09	-4.07
19-Jun-09	0.92
18-Jun-09	0.88
17-Jun-09	-0.25
16-Jun-09	-1.25
15-Jun-09	-2.25
12-Jun-09	0.29
11-Jun-09	0.16
10-Jun-09	0.11
09-Jun-09	0.08
08-Jun-09	-0.19
05-Jun-09	0
04-Jun-09	0.94
03-Jun-09	-1.14
02-Jun-09	0.37
01-Jun-09	2.29
29-May-09	1.44
28-May-09	1.4
27-May-09	-1.79
26-May-09	2.68
22-May-09	-0.42
21-May-09	-1.25
20-May-09	-0.72
19-May-09	-0.06
18-May-09	2.72
15-May-09	-0.73
14-May-09	0.48
13-May-09	-2.37
12-May-09	-0.25
11-May-09	-1.7
08-May-09	1.96
07-May-09	-1.12
06-May-09	1.52
05-May-09	0.08
04-May-09	3.05
01-May-09	0.69
30-Apr-09	0.12
29-Apr-09	2.03
28-Apr-09	-0.58
27-Apr-09	-1.13
24-Apr-09	2.09
23-Apr-09	1.4
22-Apr-09	-1.27
21-Apr-09	1.77
20-Apr-09	-3.89
17-Apr-09	0.61
16-Apr-09	1.53
15-Apr-09	0.98
14-Apr-09	-1.61
13-Apr-09	0.18
09-Apr-09	3.65
08-Apr-09	1.04
07-Apr-09	-1.99
06-Apr-09	-1.19
03-Apr-09	0.6
02-Apr-09	3.24
01-Apr-09	1.82
31-Mar-09	1.34
30-Mar-09	-3.89
27-Mar-09	-1.36
26-Mar-09	2.35
25-Mar-09	0.59
24-Mar-09	-1.68
23-Mar-09	3.53
20-Mar-09	0.66
19-Mar-09	-1.41
18-Mar-09	2.15
17-Mar-09	2.84
16-Mar-09	-0.07
13-Mar-09	0.83
12-Mar-09	4.3
11-Mar-09	0.63
10-Mar-09	5.92
09-Mar-09	-1.71
06-Mar-09	0.26
05-Mar-09	-3.18
04-Mar-09	2.76
03-Mar-09	-2.27
02-Mar-09	-3.92
27-Feb-09	-2.36
26-Feb-09	-1.25
25-Feb-09	-0.94
24-Feb-09	3.19
23-Feb-09	-3.18
20-Feb-09	-1.28
19-Feb-09	0
18-Feb-09	-0.76
17-Feb-09	-4.21
13-Feb-09	-1.86
12-Feb-09	0.48
11-Feb-09	0.54
10-Feb-09	-4.39
09-Feb-09	-0.32
06-Feb-09	3.24
05-Feb-09	1.3
04-Feb-09	-0.21
03-Feb-09	1.25
02-Feb-09	-0.15
30-Jan-09	-2.4
29-Jan-09	-3.3
28-Jan-09	3.84
27-Jan-09	1.02
26-Jan-09	0.88
23-Jan-09	-0.24
22-Jan-09	-1.34
21-Jan-09	3.82
20-Jan-09	-5.01
16-Jan-09	1.1
15-Jan-09	-0.06
14-Jan-09	-3.31
13-Jan-09	0.06
12-Jan-09	-1.98
09-Jan-09	-2.34
08-Jan-09	0.17
07-Jan-09	-2.71
06-Jan-09	0.32
05-Jan-09	0.22
02-Jan-09	2.83
31-Dec-08	1.32
30-Dec-08	2.04
29-Dec-08	0.17
26-Dec-08	0.46
24-Dec-08	0.76
23-Dec-08	-1.46
22-Dec-08	-2.08
19-Dec-08	-0.64
18-Dec-08	-0.97
17-Dec-08	-1.01
16-Dec-08	4.61
15-Dec-08	-1.44
12-Dec-08	1.26
11-Dec-08	-2.32
10-Dec-08	0.7
09-Dec-08	-1.69
08-Dec-08	3.7
05-Dec-08	2.95
04-Dec-08	-2.42
03-Dec-08	2.3
02-Dec-08	4.08
01-Dec-08	-8.88
28-Nov-08	1.02
26-Nov-08	3.87
25-Nov-08	0.62
24-Nov-08	7.07
21-Nov-08	5.85
20-Nov-08	-7.91
19-Nov-08	-6.23
18-Nov-08	1.82
17-Nov-08	-1.22
14-Nov-08	-5.1
13-Nov-08	6.36
12-Nov-08	-4.42
11-Nov-08	-3.09
10-Nov-08	-1.58
07-Nov-08	3.51
06-Nov-08	-5.58
05-Nov-08	-4.51
04-Nov-08	3.48
03-Nov-08	0.23
31-Oct-08	0.6
30-Oct-08	3.72
29-Oct-08	-1.25
28-Oct-08	12.46
27-Oct-08	-3.61
24-Oct-08	-5.38
23-Oct-08	1.38
22-Oct-08	-5.89
21-Oct-08	-3.15
20-Oct-08	6.11
17-Oct-08	-0.8
16-Oct-08	4.18
15-Oct-08	-9.88
14-Oct-08	-1.43
13-Oct-08	14.11
10-Oct-08	-2.36
09-Oct-08	-6.98
08-Oct-08	-2.46
07-Oct-08	-4.51
06-Oct-08	-4.96
03-Oct-08	-1.45
02-Oct-08	-3.77
01-Oct-08	-0.04
30-Sep-08	4.49
29-Sep-08	-7.88
26-Sep-08	0.08
25-Sep-08	1.72
24-Sep-08	0.51
23-Sep-08	-2.2
22-Sep-08	-5.12
19-Sep-08	6.76
18-Sep-08	3.23
17-Sep-08	-4.41
16-Sep-08	1.61
15-Sep-08	-4.95
12-Sep-08	0.5
11-Sep-08	1.44
10-Sep-08	0.55
09-Sep-08	-3.2
08-Sep-08	2.1
05-Sep-08	0.36
04-Sep-08	-3.04
03-Sep-08	-0.1
02-Sep-08	-0.47
29-Aug-08	-1.19
28-Aug-08	1.25
27-Aug-08	0.81
26-Aug-08	0.41
25-Aug-08	-1.99
22-Aug-08	1.31
21-Aug-08	0.14
20-Aug-08	0.41
19-Aug-08	-1.05
18-Aug-08	-1.37
15-Aug-08	0.46
14-Aug-08	0.72
13-Aug-08	-0.54
12-Aug-08	-1.03
11-Aug-08	0.99
08-Aug-08	1.91
07-Aug-08	-1.53
06-Aug-08	0.37
05-Aug-08	2.74
04-Aug-08	-0.91
01-Aug-08	-0.53
31-Jul-08	-1.38
30-Jul-08	1.82
29-Jul-08	2.17
28-Jul-08	-1.5
25-Jul-08	0
24-Jul-08	-2.24
23-Jul-08	0.65
22-Jul-08	1.01
21-Jul-08	0.08
18-Jul-08	0.56
17-Jul-08	1.01
16-Jul-08	2.43
15-Jul-08	-1.36
14-Jul-08	-0.93
11-Jul-08	-1.18
10-Jul-08	0.52
09-Jul-08	-2.02
08-Jul-08	1.76
07-Jul-08	-1.05
04-Jul-08	0
03-Jul-08	0.18
02-Jul-08	-1.83
01-Jul-08	0.41
30-Jun-08	0.08
27-Jun-08	-0.35
26-Jun-08	-2.87
25-Jun-08	0.53
24-Jun-08	-0.21
23-Jun-08	-1.57
20-Jun-08	-0.05
19-Jun-08	0.22
18-Jun-08	-1.04
17-Jun-08	-0.5
16-Jun-08	0.02
13-Jun-08	1.23
12-Jun-08	0.39
11-Jun-08	-1.51
10-Jun-08	-0.53
09-Jun-08	0.29
06-Jun-08	-3.26
05-Jun-08	2.01
04-Jun-08	-0.07
03-Jun-08	-0.51
02-Jun-08	-1.07
30-May-08	0.2
29-May-08	0.45
28-May-08	0.49
27-May-08	0.82
23-May-08	-1.42
22-May-08	0.02
21-May-08	-1.73
20-May-08	-0.86
19-May-08	0.28
16-May-08	0.09
15-May-08	1.19
14-May-08	0.21
13-May-08	0
12-May-08	1.13
09-May-08	-0.22
08-May-08	-0.23
07-May-08	-1.79
06-May-08	0.89
05-May-08	-0.53
02-May-08	0.3
01-May-08	1.84
30-Apr-08	-0.38
29-Apr-08	-0.45
28-Apr-08	0.04
25-Apr-08	0.79
24-Apr-08	0.54
23-Apr-08	-0.16
22-Apr-08	-0.54
21-Apr-08	0.02
18-Apr-08	1.15
17-Apr-08	0.09
16-Apr-08	2.62
15-Apr-08	0.36
14-Apr-08	-0.32
11-Apr-08	-2
10-Apr-08	0.18
09-Apr-08	-0.78
08-Apr-08	-0.09
07-Apr-08	0.02
04-Apr-08	-0.11
03-Apr-08	0.18
02-Apr-08	0.04
01-Apr-08	3.51
31-Mar-08	0.38
28-Mar-08	-0.81
27-Mar-08	-0.43
26-Mar-08	-1.18
25-Mar-08	0
24-Mar-08	3.75
20-Mar-08	0.32
19-Mar-08	-2.55
18-Mar-08	4.22
17-Mar-08	-1.01
14-Mar-08	-1.66
13-Mar-08	0.29
12-Mar-08	-1.1
11-Mar-08	3.8
10-Mar-08	-1.33
07-Mar-08	-1.17
06-Mar-08	-2.06
05-Mar-08	0.64
04-Mar-08	-0.38
03-Mar-08	0.06
29-Feb-08	-2.53
28-Feb-08	-1.07
27-Feb-08	-0.16
26-Feb-08	0.82
25-Feb-08	1.18
22-Feb-08	0.63
21-Feb-08	-0.88
20-Feb-08	0.26
19-Feb-08	0.31
15-Feb-08	0.02
14-Feb-08	-0.93
13-Feb-08	1.04
12-Feb-08	0.86
11-Feb-08	0.6
08-Feb-08	-0.75
07-Feb-08	0.77
06-Feb-08	-0.99
05-Feb-08	-2.57
04-Feb-08	-1.31
01-Feb-08	1.27
31-Jan-08	2.15
30-Jan-08	-0.84
29-Jan-08	0.55
28-Jan-08	1.54
25-Jan-08	-1.35
24-Jan-08	0.8
23-Jan-08	2.46
22-Jan-08	-1.21
18-Jan-08	-1.08
17-Jan-08	-2.63
16-Jan-08	-0.86
15-Jan-08	-2.27
14-Jan-08	0.89
11-Jan-08	-0.93
10-Jan-08	0.67
09-Jan-08	1.04
08-Jan-08	-1.72
07-Jan-08	-0.11
04-Jan-08	-2.45
03-Jan-08	0.02
02-Jan-08	-1.27
31-Dec-07	-0.56
28-Dec-07	-0.29
27-Dec-07	-1.32
26-Dec-07	0.22
24-Dec-07	2.14
21-Dec-07	0.75
20-Dec-07	0.69
19-Dec-07	-0.12
18-Dec-07	0.64
17-Dec-07	-1.46
14-Dec-07	-1.34
13-Dec-07	-0.15
12-Dec-07	0.83
11-Dec-07	-2.68
10-Dec-07	0.76
07-Dec-07	-0.02
06-Dec-07	1.38
05-Dec-07	1.62
04-Dec-07	-0.83
03-Dec-07	-0.56
30-Nov-07	0.83
29-Nov-07	0.07
28-Nov-07	3.08
27-Nov-07	1.22
26-Nov-07	-2.27
23-Nov-07	1.71
21-Nov-07	-1.95
20-Nov-07	0.59
19-Nov-07	-1.56
16-Nov-07	0.15
15-Nov-07	-1.35
14-Nov-07	-0.35
13-Nov-07	2.99
12-Nov-07	-1.01
09-Nov-07	-1.39
08-Nov-07	-0.49
07-Nov-07	-2.77
06-Nov-07	1.3
05-Nov-07	-0.79
02-Nov-07	0.12
01-Nov-07	-2.52
31-Oct-07	1.23
30-Oct-07	-0.71
29-Oct-07	0.29
26-Oct-07	1.15
25-Oct-07	0.2
24-Oct-07	-0.23
23-Oct-07	0.79
22-Oct-07	0.51
19-Oct-07	-2.65
18-Oct-07	-0.37
17-Oct-07	0.32
16-Oct-07	-0.82
15-Oct-07	-0.91
12-Oct-07	0.59
11-Oct-07	-0.51
10-Oct-07	-0.19
09-Oct-07	0.86
08-Oct-07	-0.51
05-Oct-07	1.19
04-Oct-07	0.1
03-Oct-07	-0.24
02-Oct-07	-0.13
01-Oct-07	1.2
28-Sep-07	-0.42
27-Sep-07	0.54
26-Sep-07	0.47
25-Sep-07	-0.18
24-Sep-07	-0.11
21-Sep-07	0.9
20-Sep-07	-0.59
19-Sep-07	0.58
18-Sep-07	2.91
17-Sep-07	-0.54
14-Sep-07	0
13-Sep-07	0.59
12-Sep-07	0.24
11-Sep-07	1.2
10-Sep-07	-0.31
07-Sep-07	-1.33
06-Sep-07	0.2
05-Sep-07	-0.87
04-Sep-07	0.86
31-Aug-07	1.04
30-Aug-07	-0.27
29-Aug-07	1.89
28-Aug-07	-2.14
27-Aug-07	-0.93
24-Aug-07	1.16
23-Aug-07	-0.15
22-Aug-07	1.28
21-Aug-07	0.09
20-Aug-07	-0.07
17-Aug-07	1.79
16-Aug-07	0.71
15-Aug-07	-1.38
14-Aug-07	-1.43
13-Aug-07	0.28
10-Aug-07	-0.48
09-Aug-07	-3.06
08-Aug-07	1.45
07-Aug-07	1
06-Aug-07	1.72
03-Aug-07	-2.62
02-Aug-07	0.8
01-Aug-07	0.55
31-Jul-07	-1.27
30-Jul-07	1.56
27-Jul-07	-2.02
26-Jul-07	-2.41
25-Jul-07	0.15
24-Jul-07	-1.71
23-Jul-07	0.26
20-Jul-07	-0.95
19-Jul-07	0.32
18-Jul-07	-0.26
17-Jul-07	-0.06
16-Jul-07	-0.02
13-Jul-07	0.27
12-Jul-07	1.62
11-Jul-07	0.72
10-Jul-07	-1.46
09-Jul-07	0
06-Jul-07	0.52
05-Jul-07	-0.11
03-Jul-07	0.34
02-Jul-07	1.02
29-Jun-07	-0.12
28-Jun-07	-0.12
27-Jun-07	1.42
26-Jun-07	-1.04
25-Jun-07	-0.46
22-Jun-07	-0.99
21-Jun-07	0.57
20-Jun-07	-1.42
19-Jun-07	0.19
18-Jun-07	0.78
15-Jun-07	0.61
14-Jun-07	0.61
13-Jun-07	1.51
12-Jun-07	-1.16
11-Jun-07	0.17
08-Jun-07	1.26
07-Jun-07	-1.8
06-Jun-07	-1.12
05-Jun-07	-0.42
04-Jun-07	0.05
01-Jun-07	0.42
31-May-07	-0.07
30-May-07	0.76
29-May-07	0.35
25-May-07	0.38
24-May-07	-0.92
23-May-07	0.02
22-May-07	-0.18
21-May-07	0
18-May-07	0.84
17-May-07	-0.18
16-May-07	0.63
15-May-07	-0.02
14-May-07	-0.23
11-May-07	0.87
10-May-07	-1.07
09-May-07	0.21
08-May-07	-0.13
07-May-07	0
04-May-07	0.4
03-May-07	0.48
02-May-07	0.55
01-May-07	0.29
30-Apr-07	-0.9
27-Apr-07	-0.05
26-Apr-07	0.13
25-Apr-07	0.82
24-Apr-07	0.02
23-Apr-07	-0.32
20-Apr-07	0.86
19-Apr-07	0
18-Apr-07	0.08
17-Apr-07	0.24
16-Apr-07	0.98
13-Apr-07	0.4
12-Apr-07	0.48
11-Apr-07	-0.52
10-Apr-07	0.1
09-Apr-07	0.12
06-Apr-07	0
05-Apr-07	0.29
04-Apr-07	0.09
03-Apr-07	0.98
02-Apr-07	0.14
30-Mar-07	-0.02
29-Mar-07	0.14
28-Mar-07	-0.76
27-Mar-07	-0.33
26-Mar-07	-0.12
23-Mar-07	0.14
22-Mar-07	0
21-Mar-07	1.51
20-Mar-07	0.55
19-Mar-07	1.41
16-Mar-07	0.33
15-Mar-07	0.14
14-Mar-07	0.71
13-Mar-07	-1.94
12-Mar-07	0.14
09-Mar-07	0.02
08-Mar-07	0.83
07-Mar-07	-0.16
06-Mar-07	1.69
05-Mar-07	-0.97
02-Mar-07	-1.37
01-Mar-07	-0.28
28-Feb-07	0.99
27-Feb-07	-3.94
26-Feb-07	-0.09
23-Feb-07	-0.38
22-Feb-07	-0.09
21-Feb-07	-0.09
20-Feb-07	0.19
16-Feb-07	-0.03
15-Feb-07	0.07
14-Feb-07	0.62
13-Feb-07	0.8
12-Feb-07	-0.35
09-Feb-07	-0.76
08-Feb-07	-0.12
07-Feb-07	0.17
06-Feb-07	-0.03
05-Feb-07	0.05
02-Feb-07	0.16
01-Feb-07	0.54
31-Jan-07	0.63
30-Jan-07	0.54
29-Jan-07	-0.09
26-Jan-07	-0.12
25-Jan-07	-1.18
24-Jan-07	0.75
23-Jan-07	0.31
22-Jan-07	-0.4
19-Jan-07	0.24
18-Jan-07	-0.38
17-Jan-07	0
16-Jan-07	-0.14
12-Jan-07	0.68
11-Jan-07	0.46
10-Jan-07	0.28
09-Jan-07	-0.14
08-Jan-07	0.42
05-Jan-07	-0.77
04-Jan-07	0.19
03-Jan-07	-0.26
02-Jan-07	0
29-Dec-06	-0.37
28-Dec-06	-0.23
27-Dec-06	0.58
26-Dec-06	0.6
22-Dec-06	-0.66
21-Dec-06	-0.38
20-Dec-06	-0.07
19-Dec-06	0.1
18-Dec-06	0.42
15-Dec-06	0.19
14-Dec-06	0.83
13-Dec-06	0.11
12-Dec-06	-0.12
11-Dec-06	0.32
08-Dec-06	0.09
07-Dec-06	-0.42
06-Dec-06	-0.14
05-Dec-06	0.43
04-Dec-06	0.73
01-Dec-06	-0.18
30-Nov-06	0.05
29-Nov-06	0.99
28-Nov-06	0.36
27-Nov-06	-1.39
24-Nov-06	-0.39
22-Nov-06	0.16
21-Nov-06	0.07
20-Nov-06	0.04
17-Nov-06	-0.02
16-Nov-06	0.25
15-Nov-06	0.27
14-Nov-06	0.7
13-Nov-06	0.23
10-Nov-06	0.05
09-Nov-06	-0.54
08-Nov-06	0.18
07-Nov-06	0.38
06-Nov-06	1.11
03-Nov-06	-0.2
02-Nov-06	-0.13
01-Nov-06	-0.74
31-Oct-06	0
30-Oct-06	-0.11
27-Oct-06	-0.59
26-Oct-06	0.27
25-Oct-06	0.32
24-Oct-06	0.29
23-Oct-06	0.42
20-Oct-06	0.05
19-Oct-06	0.13
18-Oct-06	0.05
17-Oct-06	-0.31
16-Oct-06	0.18
13-Oct-06	0.2
12-Oct-06	0.86
11-Oct-06	-0.13
10-Oct-06	0.11
09-Oct-06	0.04
06-Oct-06	-0.15
05-Oct-06	0.18
04-Oct-06	1.12
03-Oct-06	0.21
02-Oct-06	-0.36
29-Sep-06	-0.14
28-Sep-06	-0.04
27-Sep-06	0.07
26-Sep-06	0.82
25-Sep-06	0.74
22-Sep-06	-0.32
21-Sep-06	-0.47
20-Sep-06	0.45
19-Sep-06	-0.28
18-Sep-06	0.84
15-Sep-06	0.39
14-Sep-06	0.04
13-Sep-06	0.29
12-Sep-06	1.02
11-Sep-06	0.1
08-Sep-06	0.23
07-Sep-06	-0.5
06-Sep-06	-0.89
05-Sep-06	0.15
01-Sep-06	0.54
31-Aug-06	0.04
30-Aug-06	0
29-Aug-06	0.1
28-Aug-06	0.48
25-Aug-06	0.12
24-Aug-06	-0.13
23-Aug-06	-0.33
22-Aug-06	-0.02
21-Aug-06	-0.36
18-Aug-06	0.46
17-Aug-06	0.15
16-Aug-06	0.87
15-Aug-06	1.14
14-Aug-06	0.08
11-Aug-06	-0.25
10-Aug-06	0.31
09-Aug-06	-0.41
08-Aug-06	-0.43
07-Aug-06	-0.29
04-Aug-06	-0.1
03-Aug-06	0.23
02-Aug-06	0.59
01-Aug-06	-0.39
31-Jul-06	-0.19
28-Jul-06	0.94
27-Jul-06	-0.08
26-Jul-06	0.14
25-Jul-06	0.32
24-Jul-06	1.83
21-Jul-06	-0.76
20-Jul-06	-0.65
19-Jul-06	1.34
18-Jul-06	0.42
17-Jul-06	-0.14
14-Jul-06	-0.42
13-Jul-06	-1.64
12-Jul-06	-1.09
11-Jul-06	0.41
10-Jul-06	0.16
07-Jul-06	-0.6
06-Jul-06	0.23
05-Jul-06	-0.66
03-Jul-06	0.68
30-Jun-06	-0.23
29-Jun-06	1.97
28-Jun-06	0.64
27-Jun-06	-0.83
26-Jun-06	0.38
23-Jun-06	-0.04
22-Jun-06	-0.46
21-Jun-06	0.74
20-Jun-06	0.32
19-Jun-06	-0.29
16-Jun-06	-0.39
15-Jun-06	2.13
14-Jun-06	0.72
13-Jun-06	-1.17
12-Jun-06	-1.16
09-Jun-06	-0.36
08-Jun-06	-0.04
07-Jun-06	-0.77
06-Jun-06	-0.3
05-Jun-06	-1.46
02-Jun-06	0.19
01-Jun-06	1.08
31-May-06	0.95
30-May-06	-1.77
26-May-06	0.53
25-May-06	1.19
24-May-06	0.68
23-May-06	-0.75
22-May-06	-0.69
19-May-06	0.61
18-May-06	-0.47
17-May-06	-2.01
16-May-06	-0.17
15-May-06	0.23
12-May-06	-1.33
11-May-06	-1.21
10-May-06	-0.11
09-May-06	0.15
08-May-06	-0.13
05-May-06	0.91
04-May-06	0.36
03-May-06	-0.44
02-May-06	0.75
01-May-06	-0.59
28-Apr-06	0.08
27-Apr-06	0.46
26-Apr-06	-0.04
25-Apr-06	-0.38
24-Apr-06	-0.19
21-Apr-06	0
20-Apr-06	0.13
19-Apr-06	0.13
18-Apr-06	1.59
17-Apr-06	-0.1
13-Apr-06	-0.1
12-Apr-06	0.12
11-Apr-06	-0.88
10-Apr-06	0.12
07-Apr-06	-1.02
06-Apr-06	-0.11
05-Apr-06	0.32
04-Apr-06	0.69
03-Apr-06	0.19
31-Mar-06	-0.33
30-Mar-06	-0.19
29-Mar-06	0.58
28-Mar-06	-0.65
27-Mar-06	-0.13
24-Mar-06	0.08
23-Mar-06	-0.21
22-Mar-06	0.54
21-Mar-06	-0.61
20-Mar-06	0.41
17-Mar-06	0.3
16-Mar-06	0.19
15-Mar-06	0.4
14-Mar-06	1.01
13-Mar-06	0.19
10-Mar-06	0.86
09-Mar-06	-0.59
08-Mar-06	0.16
07-Mar-06	-0.16
06-Mar-06	-0.54
03-Mar-06	-0.39
02-Mar-06	-0.04
01-Mar-06	0.74
28-Feb-06	-0.89
27-Feb-06	0.08
24-Feb-06	0.21
23-Feb-06	-0.15
22-Feb-06	0.54
21-Feb-06	-0.29
17-Feb-06	-0.21
16-Feb-06	0.74
15-Feb-06	0.31
14-Feb-06	0.99
13-Feb-06	-0.2
10-Feb-06	0.2
09-Feb-06	-0.2
08-Feb-06	0.85
07-Feb-06	-0.89
06-Feb-06	0.26
03-Feb-06	-0.51
02-Feb-06	-1.18
01-Feb-06	0.29
31-Jan-06	-0.39
30-Jan-06	-0.06
27-Jan-06	0.9
26-Jan-06	0.53
25-Jan-06	0.04
24-Jan-06	0.1
23-Jan-06	0.36
20-Jan-06	-1.82
19-Jan-06	0.35
18-Jan-06	-0.45
17-Jan-06	-0.25
13-Jan-06	-0.06
12-Jan-06	-0.48
11-Jan-06	0.29
10-Jan-06	0.08
09-Jan-06	0.25
06-Jan-06	0.82
05-Jan-06	0.06
04-Jan-06	0.45
03-Jan-06	1.59
30-Dec-05	-0.42
29-Dec-05	-0.41
28-Dec-05	0.1
27-Dec-05	-0.98
23-Dec-05	0.08
22-Dec-05	0.43
21-Dec-05	0.16
20-Dec-05	0.04
19-Dec-05	-0.58
16-Dec-05	0.42
15-Dec-05	-0.33
14-Dec-05	0.37
13-Dec-05	0.63
12-Dec-05	0.14
09-Dec-05	0.2
08-Dec-05	-0.1
07-Dec-05	-0.59
06-Dec-05	0.16
05-Dec-05	-0.2
02-Dec-05	0.12
01-Dec-05	1.08
30-Nov-05	-0.66
29-Nov-05	-0.14
28-Nov-05	-0.71
25-Nov-05	0.12
23-Nov-05	0.52
22-Nov-05	0.4
21-Nov-05	0.54
18-Nov-05	0.4
17-Nov-05	0.85
16-Nov-05	0.18
15-Nov-05	-0.38
14-Nov-05	-0.06
11-Nov-05	0.34
10-Nov-05	0.82
09-Nov-05	0.08
08-Nov-05	0
07-Nov-05	0.06
04-Nov-05	-0.14
03-Nov-05	0.47
02-Nov-05	0.97
01-Nov-05	-0.29
31-Oct-05	0.83
28-Oct-05	1.46
27-Oct-05	-1.13
26-Oct-05	-0.25
25-Oct-05	-0.29
24-Oct-05	1.58
21-Oct-05	0.36
20-Oct-05	-1.75
19-Oct-05	1.61
18-Oct-05	-1.07
17-Oct-05	0.36
14-Oct-05	1.02
13-Oct-05	-0.04
12-Oct-05	-0.84
11-Oct-05	-0.13
10-Oct-05	-0.83
07-Oct-05	0.25
06-Oct-05	-0.31
05-Oct-05	-1.31
04-Oct-05	-1.22
03-Oct-05	-0.2
30-Sep-05	0.2
29-Sep-05	0.74
28-Sep-05	0.08
27-Sep-05	0.02
26-Sep-05	0.08
23-Sep-05	0.06
22-Sep-05	0.31
21-Sep-05	-0.94
20-Sep-05	-0.85
19-Sep-05	0.42
16-Sep-05	0.45
15-Sep-05	-0.1
14-Sep-05	-0.32
13-Sep-05	-0.62
12-Sep-05	-0.14
09-Sep-05	0.81
08-Sep-05	-0.28
07-Sep-05	0.1
06-Sep-05	1.19
02-Sep-05	-0.16
01-Sep-05	0.02
31-Aug-05	1.08
30-Aug-05	-0.49
29-Aug-05	0.7
26-Aug-05	-0.62
25-Aug-05	0.29
24-Aug-05	-0.94
23-Aug-05	-0.2
22-Aug-05	0.02
19-Aug-05	0.23
18-Aug-05	-0.04
17-Aug-05	0
16-Aug-05	-1.29
15-Aug-05	0.53
12-Aug-05	-0.61
11-Aug-05	0.39
10-Aug-05	-0.04
09-Aug-05	0.57
08-Aug-05	-0.2
05-Aug-05	-0.67
04-Aug-05	-0.78
03-Aug-05	0.22
02-Aug-05	0.61
01-Aug-05	0.06
29-Jul-05	-0.82
28-Jul-05	0.58
27-Jul-05	0.38
26-Jul-05	0.08
25-Jul-05	-0.24
22-Jul-05	0.57
21-Jul-05	-0.53
20-Jul-05	0.26
19-Jul-05	0.55
18-Jul-05	-0.39
15-Jul-05	-0.04
14-Jul-05	0.31
13-Jul-05	0.2
12-Jul-05	0.16
11-Jul-05	0.58
08-Jul-05	1.14
07-Jul-05	0.35
06-Jul-05	-0.87
05-Jul-05	0.75
01-Jul-05	0.38
30-Jun-05	-0.62
29-Jun-05	-0.31
28-Jun-05	0.88
27-Jun-05	0.04
24-Jun-05	-0.69
23-Jun-05	-1.39
22-Jun-05	0
21-Jun-05	0.08
20-Jun-05	-0.22
17-Jun-05	1.01
16-Jun-05	0.33
15-Jun-05	0.12
14-Jun-05	0.21
13-Jun-05	0.29
10-Jun-05	-0.17
09-Jun-05	0.42
08-Jun-05	-0.25
07-Jun-05	0.08
06-Jun-05	-0.04
03-Jun-05	-0.56
02-Jun-05	0.33
01-Jun-05	0.75
31-May-05	-0.67
27-May-05	0.19
26-May-05	0.46
25-May-05	-0.1
24-May-05	-0.21
23-May-05	0.5
20-May-05	-0.08
19-May-05	0.38
18-May-05	0.98
17-May-05	0.71
16-May-05	0.89
13-May-05	-0.22
12-May-05	-1.13
11-May-05	0.54
10-May-05	-1.02
09-May-05	0.6
06-May-05	-0.32
05-May-05	-0.02
04-May-05	0.79
03-May-05	0.21
02-May-05	0.43
29-Apr-05	1.36
28-Apr-05	-1.23
27-Apr-05	0.3
26-Apr-05	-0.88
25-Apr-05	0.58
22-Apr-05	-0.37
21-Apr-05	1.91
20-Apr-05	-1.38
19-Apr-05	0.78
18-Apr-05	0.28
15-Apr-05	-1.46
14-Apr-05	-1.32
13-Apr-05	-1.18
12-Apr-05	0.53
11-Apr-05	0.02
08-Apr-05	-0.98
07-Apr-05	0.5
06-Apr-05	0.34
05-Apr-05	0.47
04-Apr-05	0.17
01-Apr-05	-0.53
31-Mar-05	-0.13
30-Mar-05	1.32
29-Mar-05	-0.64
28-Mar-05	0.17
24-Mar-05	0.09
23-Mar-05	0.02
22-Mar-05	-1.01
21-Mar-05	-0.37
18-Mar-05	0.06
17-Mar-05	0.19
16-Mar-05	-0.9
15-Mar-05	-0.77
14-Mar-05	0.56
11-Mar-05	-0.7
10-Mar-05	0.21
09-Mar-05	-1.11
08-Mar-05	-0.39
07-Mar-05	0.08
04-Mar-05	1.18
03-Mar-05	0.04
02-Mar-05	-0.04
01-Mar-05	0.5
28-Feb-05	-0.66
25-Feb-05	0.94
24-Feb-05	0.67
23-Feb-05	0.68
22-Feb-05	-1.46
18-Feb-05	0.1
17-Feb-05	-0.78
16-Feb-05	-0.02
15-Feb-05	0.37
14-Feb-05	-0.06
11-Feb-05	0.88
10-Feb-05	0.29
09-Feb-05	-0.77
08-Feb-05	0.12
07-Feb-05	-0.1
04-Feb-05	1.05
03-Feb-05	-0.31
02-Feb-05	0.34
01-Feb-05	0.63
31-Jan-05	0.6
28-Jan-05	0
27-Jan-05	0.13
26-Jan-05	0.3
25-Jan-05	0.3
24-Jan-05	-0.19
21-Jan-05	-0.68
20-Jan-05	-0.59
19-Jan-05	-1.02
18-Jan-05	1.01
14-Jan-05	0.49
13-Jan-05	-0.8
12-Jan-05	0.3
11-Jan-05	-0.65
10-Jan-05	0.46
07-Jan-05	-0.17
06-Jan-05	0.42
05-Jan-05	-0.65
04-Jan-05	-1.26
03-Jan-05	-0.62
31-Dec-04	-0.08
30-Dec-04	-0.18
29-Dec-04	0.12
28-Dec-04	0.58
27-Dec-04	-0.27
23-Dec-04	0.06
22-Dec-04	0.25
21-Dec-04	0.77
20-Dec-04	0.7
17-Dec-04	-1.15
16-Dec-04	-0.04
15-Dec-04	0.06
14-Dec-04	0.31
13-Dec-04	0.88
10-Dec-04	0.11
09-Dec-04	0.38
08-Dec-04	0.53
07-Dec-04	-0.97
06-Dec-04	0
03-Dec-04	-0.1
02-Dec-04	0.06
01-Dec-04	1.34
30-Nov-04	-0.17
29-Nov-04	-0.4
26-Nov-04	-0.11
24-Nov-04	0.23
23-Nov-04	0.11
22-Nov-04	0.49
19-Nov-04	-1.08
18-Nov-04	0.06
17-Nov-04	0.57
16-Nov-04	-0.72
15-Nov-04	0.27
12-Nov-04	0.77
11-Nov-04	0.77
10-Nov-04	0.04
09-Nov-04	-0.19
08-Nov-04	-0.11
05-Nov-04	0.62
04-Nov-04	1.35
03-Nov-04	1.28
02-Nov-04	-0.02
01-Nov-04	0.04
29-Oct-04	0.24
28-Oct-04	0.24
27-Oct-04	1.19
26-Oct-04	1.48
25-Oct-04	-0.07
22-Oct-04	-1.06
21-Oct-04	0.54
20-Oct-04	-0.16
19-Oct-04	-0.85
18-Oct-04	0.43
15-Oct-04	0.48
14-Oct-04	-0.83
13-Oct-04	-0.91
12-Oct-04	-0.31
11-Oct-04	0.36
08-Oct-04	-0.84
07-Oct-04	-0.98
06-Oct-04	0.55
05-Oct-04	0.09
04-Oct-04	0.2
01-Oct-04	1.64
30-Sep-04	-0.02
29-Sep-04	0.5
28-Sep-04	0.41
27-Sep-04	-0.56
24-Sep-04	0.38
23-Sep-04	-0.52
22-Sep-04	-1.26
21-Sep-04	0.45
20-Sep-04	-0.42
17-Sep-04	0.27
16-Sep-04	0.33
15-Sep-04	-0.82
14-Sep-04	0.16
13-Sep-04	0.4
10-Sep-04	0.51
09-Sep-04	-0.11
08-Sep-04	-0.31
07-Sep-04	0.7
03-Sep-04	-0.45
02-Sep-04	1.15
01-Sep-04	0.25
31-Aug-04	0.45
30-Aug-04	-0.83
27-Aug-04	0.34
26-Aug-04	0.07
25-Aug-04	0.57
24-Aug-04	0.11
23-Aug-04	-0.23
20-Aug-04	0.69
19-Aug-04	-0.3
18-Aug-04	1.06
17-Aug-04	0.51
16-Aug-04	1.06
13-Aug-04	0.24
12-Aug-04	-1.12
11-Aug-04	-0.05
10-Aug-04	1.13
09-Aug-04	0.07
06-Aug-04	-1.39
05-Aug-04	-1.69
04-Aug-04	-0.02
03-Aug-04	-0.75
02-Aug-04	0.41
30-Jul-04	0.07
29-Jul-04	0.43
28-Jul-04	0.27
27-Jul-04	0.88
26-Jul-04	-0.23
23-Jul-04	-0.75
22-Jul-04	0.3
21-Jul-04	-1.93
20-Jul-04	1.21
19-Jul-04	-0.36
16-Jul-04	-0.07
15-Jul-04	-0.7
14-Jul-04	-0.27
13-Jul-04	0.07
12-Jul-04	0.07
09-Jul-04	0.18
08-Jul-04	-0.65
07-Jul-04	0.27
06-Jul-04	-0.95
02-Jul-04	-0.04
01-Jul-04	-1.25
30-Jun-04	0.42
29-Jun-04	0.35
28-Jun-04	-0.31
25-Jun-04	-0.53
24-Jun-04	-0.24
23-Jun-04	0.79
22-Jun-04	0.51
21-Jun-04	-0.03
18-Jun-04	-0.19
17-Jun-04	-0.11
16-Jun-04	-0.09
15-Jun-04	0.76
14-Jun-04	-0.97
10-Jun-04	0.44
09-Jun-04	-0.92
08-Jun-04	0.15
07-Jun-04	1.51
04-Jun-04	0.74
03-Jun-04	-0.93
02-Jun-04	0.38
01-Jun-04	0.09
28-May-04	-0.22
27-May-04	0.6
26-May-04	0.31
25-May-04	1.46
24-May-04	0.37
21-May-04	0.18
20-May-04	0.35
19-May-04	-0.32
18-May-04	0.44
17-May-04	-0.84
14-May-04	0.09
13-May-04	-0.46
12-May-04	0.6
11-May-04	0.81
10-May-04	-1.1
07-May-04	-1.57
06-May-04	-0.8
05-May-04	0.58
04-May-04	-0.04
03-May-04	0.9
30-Apr-04	-0.72
29-Apr-04	-0.85
28-Apr-04	-1.27
27-Apr-04	0
26-Apr-04	-0.13
23-Apr-04	0.24
22-Apr-04	1.27
21-Apr-04	0.72
20-Apr-04	-1.7
19-Apr-04	-0.02
16-Apr-04	0.8
15-Apr-04	-0.42
14-Apr-04	0.13
13-Apr-04	-1.38
12-Apr-04	0.39
08-Apr-04	-0.24
07-Apr-04	-0.22
06-Apr-04	-0.3
05-Apr-04	0.55
02-Apr-04	0.75
01-Apr-04	0.76
31-Mar-04	-0.09
30-Mar-04	0.38
29-Mar-04	1.42
26-Mar-04	0
25-Mar-04	1.33
24-Mar-04	0.02
23-Mar-04	-0.18
22-Mar-04	-2.4
19-Mar-04	-0.36
18-Mar-04	0.04
17-Mar-04	1.1
16-Mar-04	0.47
15-Mar-04	-1.16
12-Mar-04	1.24
11-Mar-04	-1.32
10-Mar-04	-1.69
09-Mar-04	-0.39
08-Mar-04	-1.19
05-Mar-04	0.3
04-Mar-04	0.3
03-Mar-04	0.15
02-Mar-04	-0.56
01-Mar-04	0.96
27-Feb-04	0.11
26-Feb-04	0.02
25-Feb-04	0.4
24-Feb-04	-0.13
23-Feb-04	-0.33
20-Feb-04	-0.31
19-Feb-04	-0.35
18-Feb-04	-0.45
17-Feb-04	0.94
13-Feb-04	-0.46
12-Feb-04	-0.37
11-Feb-04	1.05
10-Feb-04	0.29
09-Feb-04	0.09
06-Feb-04	1.11
05-Feb-04	0.22
04-Feb-04	-0.79
03-Feb-04	-0.13
02-Feb-04	0.4
30-Jan-04	-0.02
29-Jan-04	0.09
28-Jan-04	-1.16
27-Jan-04	-1.02
26-Jan-04	1.23
23-Jan-04	-0.33
22-Jan-04	-0.17
21-Jan-04	0.75
20-Jan-04	-0.04
16-Jan-04	0.42
15-Jan-04	0.18
14-Jan-04	0.89
13-Jan-04	-0.62
12-Jan-04	0.74
09-Jan-04	-0.84
08-Jan-04	0.36
07-Jan-04	0.31
06-Jan-04	0.18
05-Jan-04	0.99
02-Jan-04	-0.14
31-Dec-03	0.25
30-Dec-03	0
29-Dec-03	1.3
26-Dec-03	0.05
24-Dec-03	-0.05
23-Dec-03	0.07
22-Dec-03	0.1
19-Dec-03	0.12
18-Dec-03	1.18
17-Dec-03	0.23
16-Dec-03	0.58
15-Dec-03	-0.49
12-Dec-03	0.16
11-Dec-03	1.08
10-Dec-03	0.02
09-Dec-03	-0.8
08-Dec-03	0.64
05-Dec-03	-0.68
04-Dec-03	0.42
03-Dec-03	-0.19
02-Dec-03	-0.19
01-Dec-03	1.06
28-Nov-03	0.09
26-Nov-03	0.33
25-Nov-03	0.36
24-Nov-03	1.28
21-Nov-03	0.41
20-Nov-03	-0.86
19-Nov-03	0.8
18-Nov-03	-1.03
17-Nov-03	-0.52
14-Nov-03	-0.85
13-Nov-03	0.09
12-Nov-03	1.08
11-Nov-03	-0.05
10-Nov-03	-0.4
07-Nov-03	-0.76
06-Nov-03	0.47
05-Nov-03	0.12
04-Nov-03	-0.19
03-Nov-03	0.45
31-Oct-03	0.1
30-Oct-03	0.22
29-Oct-03	0.14
28-Oct-03	1.36
27-Oct-03	0.07
24-Oct-03	0.15
23-Oct-03	-0.19
22-Oct-03	-1.25
21-Oct-03	-0.17
20-Oct-03	0.72
17-Oct-03	-1.1
16-Oct-03	0.45
15-Oct-03	-0.29
14-Oct-03	0.29
13-Oct-03	0.38
10-Oct-03	0.19
09-Oct-03	0.34
08-Oct-03	-0.22
07-Oct-03	0.36
06-Oct-03	0.49
03-Oct-03	0.88
02-Oct-03	0.3
01-Oct-03	2.26
30-Sep-03	-1.02
29-Sep-03	0.98
26-Sep-03	-0.33
25-Sep-03	-0.94
24-Sep-03	-1.78
23-Sep-03	0.42
22-Sep-03	-1.77
19-Sep-03	0.03
18-Sep-03	1.17
17-Sep-03	-0.22
16-Sep-03	1.48
15-Sep-03	-0.34
12-Sep-03	0.12
11-Sep-03	0.32
10-Sep-03	-1.03
09-Sep-03	-0.63
08-Sep-03	0.81
05-Sep-03	-0.58
04-Sep-03	0.12
03-Sep-03	0.49
02-Sep-03	1.41
29-Aug-03	0.65
28-Aug-03	0.55
27-Aug-03	0.03
26-Aug-03	0.18
25-Aug-03	0.13
22-Aug-03	-0.95
21-Aug-03	0.3
20-Aug-03	-0.4
19-Aug-03	0.43
18-Aug-03	0.83
15-Aug-03	0.28
14-Aug-03	0.3
13-Aug-03	-0.53
12-Aug-03	0.89
11-Aug-03	0.33
08-Aug-03	0.36
07-Aug-03	0.98
06-Aug-03	0.57
05-Aug-03	-2.12
04-Aug-03	0.08
01-Aug-03	-0.99
31-Jul-03	0.28
30-Jul-03	-0.25
29-Jul-03	-0.5
28-Jul-03	-0.28
25-Jul-03	1.68
24-Jul-03	-0.73
23-Jul-03	0.08
22-Jul-03	0.89
21-Jul-03	-1.26
18-Jul-03	0.99
17-Jul-03	-1.43
16-Jul-03	-0.6
15-Jul-03	-0.15
14-Jul-03	0.53
11-Jul-03	0.86
10-Jul-03	-1.22
09-Jul-03	-0.65
08-Jul-03	0.5
07-Jul-03	2.04
03-Jul-03	-1.06
02-Jul-03	1.2
01-Jul-03	0.82
30-Jun-03	0
27-Jun-03	-1.04
26-Jun-03	1.18
25-Jun-03	-0.97
24-Jun-03	0.05
23-Jun-03	-2.05
20-Jun-03	0.63
19-Jun-03	-1.41
18-Jun-03	-0.12
17-Jun-03	0.02
16-Jun-03	2.1
13-Jun-03	-1.07
12-Jun-03	0.33
11-Jun-03	1.06
10-Jun-03	1
09-Jun-03	-1.09
06-Jun-03	-0.3
05-Jun-03	0.46
04-Jun-03	1.44
03-Jun-03	0.41
02-Jun-03	0.52
30-May-03	1.47
29-May-03	-0.29
28-May-03	0.26
27-May-03	1.85
23-May-03	0.16
22-May-03	0.95
21-May-03	0.3
20-May-03	-0.35
19-May-03	-2.3
16-May-03	-0.21
15-May-03	0.64
14-May-03	-0.27
13-May-03	-0.16
12-May-03	1.29
09-May-03	1.28
08-May-03	-0.97
07-May-03	-0.56
06-May-03	0.92
05-May-03	-0.13
02-May-03	1.37
01-May-03	-0.11
30-Apr-03	0
29-Apr-03	0.27
28-Apr-03	1.67
25-Apr-03	-1.24
24-Apr-03	-0.84
23-Apr-03	0.88
22-Apr-03	1.85
21-Apr-03	0.2
17-Apr-03	1.42
16-Apr-03	-1.68
15-Apr-03	0.87
14-Apr-03	2.04
11-Apr-03	-0.4
10-Apr-03	0.58
09-Apr-03	-1.31
08-Apr-03	0.14
07-Apr-03	-0.17
04-Apr-03	0.6
03-Apr-03	-0.46
02-Apr-03	2.39
01-Apr-03	1.15
31-Mar-03	-1.85
28-Mar-03	-0.52
27-Mar-03	-0.06
26-Mar-03	-0.49
25-Mar-03	1.01
24-Mar-03	-2.67
21-Mar-03	1.3
20-Mar-03	0.26
19-Mar-03	0.72
18-Mar-03	0.61
17-Mar-03	3.33
14-Mar-03	0.12
13-Mar-03	3.41
12-Mar-03	0.69
11-Mar-03	-0.93
10-Mar-03	-2.5
07-Mar-03	0.82
06-Mar-03	-0.93
05-Mar-03	0.88
04-Mar-03	-1.59
03-Mar-03	-0.65
28-Feb-03	0.33
27-Feb-03	1.27
26-Feb-03	-1.43
25-Feb-03	0.87
24-Feb-03	-1.74
21-Feb-03	1.01
20-Feb-03	-0.94
19-Feb-03	-0.56
18-Feb-03	1.73
14-Feb-03	2.2
13-Feb-03	0.28
12-Feb-03	-1.57
11-Feb-03	-0.75
10-Feb-03	0.66
07-Feb-03	-1.19
06-Feb-03	-0.47
05-Feb-03	-0.56
04-Feb-03	-1.08
03-Feb-03	0.44
31-Jan-03	1.76
30-Jan-03	-2.41
29-Jan-03	0.73
28-Jan-03	0.86
27-Jan-03	-1.51
24-Jan-03	-2.58
23-Jan-03	0.63
22-Jan-03	-1.24
21-Jan-03	-1.61
17-Jan-03	-1.47
16-Jan-03	-0.49
15-Jan-03	-0.89
14-Jan-03	0.3
13-Jan-03	0
10-Jan-03	0.19
09-Jan-03	1.62
08-Jan-03	-1.49
07-Jan-03	-0.3
06-Jan-03	1.81
03-Jan-03	0.28
02-Jan-03	3.24
31-Dec-02	0.17
30-Dec-02	0.66
27-Dec-02	-2.13
26-Dec-02	-0.08
24-Dec-02	-0.61
23-Dec-02	0.66
20-Dec-02	0.58
19-Dec-02	-0.7
18-Dec-02	-1.16
17-Dec-02	-0.82
16-Dec-02	2.56
13-Dec-02	-1.61
12-Dec-02	-0.03
11-Dec-02	0.03
10-Dec-02	1.41
09-Dec-02	-2.65
06-Dec-02	0.58
05-Dec-02	-1.14
04-Dec-02	-0.51
03-Dec-02	-1.23
02-Dec-02	-0.08
29-Nov-02	-0.21
27-Nov-02	2.91
26-Nov-02	-1.96
25-Nov-02	0.11
22-Nov-02	-0.72
21-Nov-02	1.82
20-Nov-02	2.31
19-Nov-02	-0.22
18-Nov-02	-0.99
15-Nov-02	0.72
14-Nov-02	1.89
13-Nov-02	0.11
12-Nov-02	0.8
11-Nov-02	-1.54
08-Nov-02	-1.22
07-Nov-02	-2.51
06-Nov-02	1.29
05-Nov-02	0.72
04-Nov-02	1
01-Nov-02	1.47
31-Oct-02	-0.48
30-Oct-02	0.94
29-Oct-02	-1.15
28-Oct-02	-0.78
25-Oct-02	2.07
24-Oct-02	-1.98
23-Oct-02	0.76
22-Oct-02	-0.81
21-Oct-02	1.75
18-Oct-02	0.48
17-Oct-02	1.94
16-Oct-02	-2.32
15-Oct-02	4.9
14-Oct-02	0.36
11-Oct-02	4.49
10-Oct-02	3.18
09-Oct-02	-2.9
08-Oct-02	1.59
07-Oct-02	-2.14
04-Oct-02	-1.8
03-Oct-02	-1.2
02-Oct-02	-2.75
01-Oct-02	4.79
30-Sep-02	-1.24
27-Sep-02	-3.42
26-Sep-02	1.58
25-Sep-02	2.5
24-Sep-02	-1.65
23-Sep-02	-1.39
20-Sep-02	0.53
19-Sep-02	-2.55
18-Sep-02	-1
17-Sep-02	-2.3
16-Sep-02	0.22
13-Sep-02	0.2
12-Sep-02	-1.85
11-Sep-02	-0.55
10-Sep-02	1.17
09-Sep-02	0.67
06-Sep-02	1.27
05-Sep-02	-0.73
04-Sep-02	1.37
03-Sep-02	-4.18
30-Aug-02	0
29-Aug-02	-0.05
28-Aug-02	-2.14
27-Aug-02	-1.16
26-Aug-02	0.69
23-Aug-02	-2.08
22-Aug-02	0.92
21-Aug-02	1.33
20-Aug-02	-0.97
19-Aug-02	2.26
16-Aug-02	-0.27
15-Aug-02	1.36
14-Aug-02	3.7
13-Aug-02	-1.91
12-Aug-02	-0.58
09-Aug-02	0.22
08-Aug-02	3.4
07-Aug-02	1.74
06-Aug-02	3.24
05-Aug-02	-3.58
02-Aug-02	-2.15
01-Aug-02	-3.02
31-Jul-02	0.66
30-Jul-02	1.31
29-Jul-02	4.69
26-Jul-02	2.03
25-Jul-02	-0.86
24-Jul-02	5.93
23-Jul-02	-2.81
22-Jul-02	-2.87
19-Jul-02	-3.6
18-Jul-02	-3.26
17-Jul-02	0.19
16-Jul-02	-1.87
15-Jul-02	0.35
12-Jul-02	-1.05
11-Jul-02	0.87
10-Jul-02	-3.67
09-Jul-02	-2.48
08-Jul-02	-1.29
05-Jul-02	3.96
03-Jul-02	0.61
02-Jul-02	-2.27
01-Jul-02	-2.07
28-Jun-02	-0.2
27-Jun-02	1.77
26-Jun-02	0.03
25-Jun-02	-2.26
24-Jun-02	0.57
21-Jun-02	-1.56
20-Jun-02	-1.23
19-Jun-02	-2.37
18-Jun-02	0.85
17-Jun-02	2.63
14-Jun-02	-0.17
13-Jun-02	-0.93
12-Jun-02	0.59
11-Jun-02	-1.72
10-Jun-02	0.36
07-Jun-02	-0.12
06-Jun-02	-2
05-Jun-02	0.86
04-Jun-02	0.26
03-Jun-02	-2.69
31-May-02	0.16
30-May-02	-0.19
29-May-02	-0.81
28-May-02	-0.55
24-May-02	-1.32
23-May-02	1.11
22-May-02	0.18
21-May-02	-0.96
20-May-02	-1.06
17-May-02	0.57
16-May-02	0.41
15-May-02	-0.36
14-May-02	2.14
13-May-02	2.04
10-May-02	-1.86
09-May-02	-1.15
08-May-02	3.72
07-May-02	-0.4
06-May-02	-1.98
03-May-02	-1.06
02-May-02	-0.37
01-May-02	1.04
30-Apr-02	1.15
29-Apr-02	-0.65
26-Apr-02	-1.88
25-Apr-02	0.07
24-Apr-02	-1.04
23-Apr-02	-0.45
22-Apr-02	-1.64
19-Apr-02	0.33
18-Apr-02	-0.44
17-Apr-02	-0.15
16-Apr-02	2.31
15-Apr-02	-0.7
12-Apr-02	0.72
11-Apr-02	-2.47
10-Apr-02	1.03
09-Apr-02	-0.62
08-Apr-02	0.18
05-Apr-02	-0.02
04-Apr-02	-0.4
03-Apr-02	-0.68
02-Apr-02	-0.57
01-Apr-02	-0.41
28-Mar-02	0.37
27-Mar-02	0.26
26-Mar-02	0.55
25-Mar-02	-1.2
22-Mar-02	-0.28
21-Mar-02	0.04
20-Mar-02	-1.87
19-Mar-02	0.6
18-Mar-02	0.75
15-Mar-02	0.49
14-Mar-02	-0.13
13-Mar-02	-1.05
12-Mar-02	0.04
11-Mar-02	0.21
08-Mar-02	0.39
07-Mar-02	-0.28
06-Mar-02	1.17
05-Mar-02	-0.24
04-Mar-02	1.7
01-Mar-02	2.3
28-Feb-02	-0.4
27-Feb-02	0.32
26-Feb-02	-0.14
25-Feb-02	1.63
22-Feb-02	1.18
21-Feb-02	-2
20-Feb-02	1.59
19-Feb-02	-1.9
15-Feb-02	-1.07
14-Feb-02	-0.18
13-Feb-02	1.02
12-Feb-02	-0.25
11-Feb-02	1.25
08-Feb-02	1.81
07-Feb-02	-0.58
06-Feb-02	-0.53
05-Feb-02	-0.57
04-Feb-02	-2.51
01-Feb-02	-0.61
31-Jan-02	1.34
30-Jan-02	1.36
29-Jan-02	-3.08
28-Jan-02	0.2
25-Jan-02	0
24-Jan-02	0.38
23-Jan-02	0.69
22-Jan-02	-0.69
18-Jan-02	-0.46
17-Jan-02	0.73
16-Jan-02	-2
15-Jan-02	0.77
14-Jan-02	-0.65
11-Jan-02	-0.97
10-Jan-02	0.39
09-Jan-02	-0.75
08-Jan-02	-0.3
07-Jan-02	-0.72
04-Jan-02	0.75
03-Jan-02	1.08
02-Jan-02	0.42
31-Dec-01	-0.87
28-Dec-01	-0.02
27-Dec-01	0.56
26-Dec-01	0.5
24-Dec-01	0
21-Dec-01	0.55
20-Dec-01	-0.93
19-Dec-01	0.66
18-Dec-01	0.66
17-Dec-01	1.02
14-Dec-01	0.85
13-Dec-01	-1.96
12-Dec-01	0.13
11-Dec-01	-0.24
10-Dec-01	-1.83
07-Dec-01	-0.68
06-Dec-01	-0.02
05-Dec-01	1.83
04-Dec-01	1.62
03-Dec-01	-0.92
30-Nov-01	-0.39
29-Nov-01	1.35
28-Nov-01	-1.85
27-Nov-01	-0.41
26-Nov-01	0.2
23-Nov-01	1.41
21-Nov-01	-0.63
20-Nov-01	-0.84
19-Nov-01	1.23
16-Nov-01	-0.46
15-Nov-01	0.15
14-Nov-01	0.15
13-Nov-01	2.24
12-Nov-01	-0.6
09-Nov-01	0
08-Nov-01	0.36
07-Nov-01	-0.13
06-Nov-01	1.56
05-Nov-01	1.31
02-Nov-01	0.69
01-Nov-01	2
31-Oct-01	0.14
30-Oct-01	-1.28
29-Oct-01	-2.63
26-Oct-01	-0.07
25-Oct-01	1.64
24-Oct-01	-0.3
23-Oct-01	-0.48
22-Oct-01	1.96
19-Oct-01	-0.05
18-Oct-01	-0.28
17-Oct-01	-2.14
16-Oct-01	0.64
15-Oct-01	-0.14
12-Oct-01	-0.52
11-Oct-01	1.52
10-Oct-01	2.24
09-Oct-01	-0.54
08-Oct-01	-0.61
05-Oct-01	-0.26
04-Oct-01	0
03-Oct-01	1.8
02-Oct-01	1.17
01-Oct-01	-0.04
28-Sep-01	2.08
27-Sep-01	0.94
26-Sep-01	-0.52
25-Sep-01	1.07
24-Sep-01	7.23
21-Sep-01	-4.27
20-Sep-01	-3.16
19-Sep-01	-2.12
18-Sep-01	-0.34
17-Sep-01	-5.18
10-Sep-01	1.15
07-Sep-01	-1.84
06-Sep-01	-2.65
05-Sep-01	0.22
04-Sep-01	-0.35
31-Aug-01	0.51
30-Aug-01	-2.02
29-Aug-01	-0.95
28-Aug-01	-1.44
27-Aug-01	-0.59
24-Aug-01	2.06
23-Aug-01	-0.32
22-Aug-01	0.95
21-Aug-01	-1.66
20-Aug-01	0.88
17-Aug-01	-1.62
16-Aug-01	0.34
15-Aug-01	-0.96
14-Aug-01	-0.02
13-Aug-01	0.1
10-Aug-01	0.29
09-Aug-01	0.19
08-Aug-01	-1.84
07-Aug-01	0.39
06-Aug-01	-1.39
03-Aug-01	-0.49
02-Aug-01	0.37
01-Aug-01	0.51
31-Jul-01	0.45
30-Jul-01	0
27-Jul-01	0.35
26-Jul-01	1.17
25-Jul-01	1.12
24-Jul-01	-1.15
23-Jul-01	-1.89
20-Jul-01	-0.65
19-Jul-01	0.89
18-Jul-01	-0.68
17-Jul-01	0.83
16-Jul-01	-1.2
13-Jul-01	0.91
12-Jul-01	2.45
11-Jul-01	-0.11
10-Jul-01	-1.15
09-Jul-01	0.54
06-Jul-01	-2.33
05-Jul-01	-1.87
03-Jul-01	-0.04
02-Jul-01	1.16
29-Jun-01	0.39
28-Jun-01	0.66
27-Jun-01	-0.12
26-Jun-01	-0.08
25-Jun-01	-1.09
22-Jun-01	-0.64
21-Jun-01	1.12
20-Jun-01	0.43
19-Jun-01	0.35
18-Jun-01	1.07
15-Jun-01	-0.59
14-Jun-01	-2.35
13-Jun-01	-0.9
12-Jun-01	-0.12
11-Jun-01	-0.83
08-Jun-01	-0.78
07-Jun-01	0.2
06-Jun-01	-0.82
05-Jun-01	1.2
04-Jun-01	0.34
01-Jun-01	0.6
31-May-01	0.6
30-May-01	-1.46
29-May-01	-0.82
25-May-01	-1.2
24-May-01	0.31
23-May-01	-1.69
22-May-01	-0.13
21-May-01	1.47
18-May-01	0.31
17-May-01	0.23
16-May-01	2.47
15-May-01	0.44
14-May-01	-0.75
11-May-01	0
10-May-01	0.3
09-May-01	-0.46
08-May-01	0
07-May-01	-0.77
04-May-01	1.51
03-May-01	-1.32
02-May-01	-0.12
01-May-01	1.46
30-Apr-01	-0.34
27-Apr-01	1.45
26-Apr-01	0.69
25-Apr-01	1.27
24-Apr-01	-0.77
23-Apr-01	-1.98
20-Apr-01	-0.64
19-Apr-01	1
18-Apr-01	4.25
17-Apr-01	1.14
16-Apr-01	-0.86
12-Apr-01	1.62
11-Apr-01	0.11
10-Apr-01	1.89
09-Apr-01	0.88
06-Apr-01	-1.28
05-Apr-01	3.82
04-Apr-01	0.36
03-Apr-01	-3.63
02-Apr-01	-1.62
30-Mar-01	0.67
29-Mar-01	0.17
28-Mar-01	-2.56
27-Mar-01	1.97
26-Mar-01	1.17
23-Mar-01	3.04
22-Mar-01	-1.1
21-Mar-01	-1.78
20-Mar-01	-2.37
19-Mar-01	2.09
16-Mar-01	-1.45
15-Mar-01	0.34
14-Mar-01	-2.34
13-Mar-01	1.55
12-Mar-01	-4.22
09-Mar-01	-2.78
08-Mar-01	0.08
07-Mar-01	0.66
06-Mar-01	1.07
05-Mar-01	0.69
02-Mar-01	-0.66
01-Mar-01	0.12
28-Feb-01	-1.74
27-Feb-01	-0.75
26-Feb-01	2.08
23-Feb-01	-0.8
22-Feb-01	0.08
21-Feb-01	-2.24
20-Feb-01	-1.55
16-Feb-01	-2.06
15-Feb-01	1
14-Feb-01	-0.47
13-Feb-01	-0.56
12-Feb-01	0.91
09-Feb-01	-1.01
08-Feb-01	-1.07
07-Feb-01	-0.5
06-Feb-01	-0.42
05-Feb-01	0.65
02-Feb-01	-2.12
01-Feb-01	0.69
31-Jan-01	-0.65
30-Jan-01	0.88
29-Jan-01	0.5
26-Jan-01	-0.09
25-Jan-01	-0.42
24-Jan-01	0.31
23-Jan-01	0.55
22-Jan-01	0.74
19-Jan-01	-0.55
18-Jan-01	1.06
17-Jan-01	0.47
16-Jan-01	0.39
12-Jan-01	-0.32
11-Jan-01	0.57
10-Jan-01	1.34
09-Jan-01	0
08-Jan-01	0.38
05-Jan-01	-3.24
04-Jan-01	-0.81
03-Jan-01	4.58
02-Jan-01	-2.64
29-Dec-00	-1.35
28-Dec-00	0.2
27-Dec-00	1.01
26-Dec-00	0.77
22-Dec-00	3.69
21-Dec-00	-2.92
20-Dec-00	0
19-Dec-00	-2.12
18-Dec-00	2.14
15-Dec-00	-2.89
14-Dec-00	-1.56
13-Dec-00	-0.25
12-Dec-00	0
11-Dec-00	3.42
08-Dec-00	-1.27
07-Dec-00	-1.47
06-Dec-00	3.29
05-Dec-00	-0.82
04-Dec-00	1.59
01-Dec-00	-0.08
30-Nov-00	-1.03
29-Nov-00	-0.24
28-Nov-00	-1.49
27-Nov-00	0.91
24-Nov-00	1.78
22-Nov-00	-2.42
21-Nov-00	0.65
20-Nov-00	-1.71
17-Nov-00	-0.63
16-Nov-00	-1.31
15-Nov-00	0.22
14-Nov-00	2.63
13-Nov-00	-1
10-Nov-00	-2.19
09-Nov-00	-0.71
08-Nov-00	-2.13
07-Nov-00	-0.17
06-Nov-00	0.71
03-Nov-00	0.09
02-Nov-00	0.21
01-Nov-00	-0.57
31-Oct-00	2.05
30-Oct-00	0.73
27-Oct-00	2.17
26-Oct-00	-0.2
25-Oct-00	-2.07
24-Oct-00	-1.01
23-Oct-00	0.44
20-Oct-00	0.71
19-Oct-00	3.57
18-Oct-00	-0.51
17-Oct-00	-2.28
16-Oct-00	0.43
13-Oct-00	3.05
12-Oct-00	-2.48
11-Oct-00	-0.88
10-Oct-00	-1.8
09-Oct-00	-0.72
06-Oct-00	-2.01
05-Oct-00	0.4
04-Oct-00	0.61
03-Oct-00	-1.01
02-Oct-00	0.17
29-Sep-00	-1.51
28-Sep-00	2
27-Sep-00	0.28
26-Sep-00	-1.23
25-Sep-00	-0.51
22-Sep-00	-0.07
21-Sep-00	0.03
20-Sep-00	-0.64
19-Sep-00	0.77
18-Sep-00	-0.95
15-Sep-00	0
14-Sep-00	-0.29
13-Sep-00	0.24
12-Sep-00	-0.65
11-Sep-00	-0.32
08-Sep-00	-0.66
07-Sep-00	0.84
06-Sep-00	-1.21
05-Sep-00	-0.72
01-Sep-00	0.13
31-Aug-00	1.18
30-Aug-00	-0.97
29-Aug-00	-0.03
28-Aug-00	0.35
25-Aug-00	-0.12
24-Aug-00	0.33
23-Aug-00	0.18
22-Aug-00	0.05
21-Aug-00	0.4
18-Aug-00	-0.18
17-Aug-00	0.8
16-Aug-00	-0.22
15-Aug-00	-0.22
14-Aug-00	1.32
11-Aug-00	0.29
10-Aug-00	-0.46
09-Aug-00	-0.72
08-Aug-00	0.37
07-Aug-00	0.99
04-Aug-00	0.7
03-Aug-00	0.62
02-Aug-00	0.35
01-Aug-00	0.59
31-Jul-00	0.49
28-Jul-00	-2.17
27-Jul-00	-0.36
26-Jul-00	-1.04
25-Jul-00	0.2
24-Jul-00	-0.54
21-Jul-00	-1.76
20-Jul-00	1.07
19-Jul-00	-0.74
18-Jul-00	-0.69
17-Jul-00	-0.13
14-Jul-00	0.96
13-Jul-00	0.25
12-Jul-00	0.74
11-Jul-00	0.22
10-Jul-00	-0.22
07-Jul-00	1.42
06-Jul-00	0.72
05-Jul-00	-1.83
03-Jul-00	1.53
30-Jun-00	0.69
29-Jun-00	-0.9
28-Jun-00	0.02
27-Jun-00	-0.54
26-Jun-00	1.06
23-Jun-00	-0.86
22-Jun-00	-1.48
21-Jun-00	-0.03
20-Jun-00	-0.37
19-Jun-00	1.97
16-Jun-00	0.03
15-Jun-00	-0.02
14-Jun-00	0.22
13-Jun-00	1.75
12-Jun-00	-1.04
09-Jun-00	-0.31
08-Jun-00	-0.37
07-Jun-00	0.62
06-Jun-00	-0.49
05-Jun-00	-0.39
02-Jun-00	1.69
01-Jun-00	2.06
31-May-00	-0.35
30-May-00	3.33
26-May-00	-0.56
25-May-00	-0.91
24-May-00	1.39
23-May-00	-1.51
22-May-00	-0.8
19-May-00	-1.87
18-May-00	-1.01
17-May-00	-0.74
16-May-00	0.67
15-May-00	1.89
12-May-00	1.11
11-May-00	1.96
10-May-00	-2.25
09-May-00	-0.75
08-May-00	-0.59
05-May-00	1.11
04-May-00	0.05
03-May-00	-1.93
02-May-00	-1.79
01-May-00	1.16
28-Apr-00	-0.49
27-Apr-00	-0.56
26-Apr-00	-0.92
25-Apr-00	3.64
24-Apr-00	-0.71
20-Apr-00	0.49
19-Apr-00	-0.86
18-Apr-00	2.83
17-Apr-00	3.31
14-Apr-00	-6.08
13-Apr-00	-1.41
12-Apr-00	-2.78
11-Apr-00	-0.16
10-Apr-00	-0.49
07-Apr-00	0.82
06-Apr-00	0.73
05-Apr-00	-0.92
04-Apr-00	-0.57
03-Apr-00	0.86
31-Mar-00	0.73
30-Mar-00	-1.72
29-Mar-00	0.02
28-Mar-00	-0.54
27-Mar-00	-1.09
24-Mar-00	0.74
23-Mar-00	1.75
22-Mar-00	0.66
21-Mar-00	2
20-Mar-00	1.83
17-Mar-00	-0.52
16-Mar-00	4.57
15-Mar-00	2.42
14-Mar-00	-1.54
13-Mar-00	-1.14
10-Mar-00	-0.34
09-Mar-00	2.78
08-Mar-00	1.07
07-Mar-00	-3.1
06-Mar-00	-1.12
03-Mar-00	1.86
02-Mar-00	0
01-Mar-00	0.95
29-Feb-00	1.8
28-Feb-00	0.73
25-Feb-00	-1.13
24-Feb-00	-0.88
23-Feb-00	1.2
22-Feb-00	-0.31
18-Feb-00	-2.33
17-Feb-00	-0.52
16-Feb-00	-1.22
15-Feb-00	0.8
14-Feb-00	0.14
11-Feb-00	-1.59
10-Feb-00	0.07
09-Feb-00	-1.94
08-Feb-00	1.33
07-Feb-00	-0.3
04-Feb-00	-0.35
03-Feb-00	1.48
02-Feb-00	-0.09
01-Feb-00	1.12
31-Jan-00	2.52
28-Jan-00	-3.07
27-Jan-00	-0.37
26-Jan-00	-0.18
25-Jan-00	0.41
24-Jan-00	-2.89
21-Jan-00	-0.22
20-Jan-00	-1.05
19-Jan-00	0.2
18-Jan-00	-0.58
14-Jan-00	1.34
13-Jan-00	1.14
12-Jan-00	-0.84
11-Jan-00	-1.41
10-Jan-00	0.99
07-Jan-00	4.02
06-Jan-00	-0.67
05-Jan-00	0.12
04-Jan-00	-3.75
03-Jan-00	-1.18
